variant_key,coord_v,extractor_v,temporal_v,loss_v,norm_v,seed,fold_idx,n_train,n_train_aug,n_test,epochs_run,fold_time_s,z_scale,macro_f1,weighted_f1,accuracy,f1_anger,f1_disgust,f1_fear,f1_happiness,f1_sadness,f1_surprise
A1_B3_C1_D2_E2,A1,B3,C1,D2,E2,0,0,278,654,31,28,94.06,0.266352,0.8740740740740741,0.8967741935483872,0.9032258064516129,0.8888888888888888,0.8,0.6666666666666666,0.8888888888888888,1.0,1.0
A1_B3_C1_D2_E2,A1,B3,C1,D2,E2,0,1,278,648,31,44,132.04,0.267348,0.8439754689754689,0.8655215751989945,0.8709677419354839,0.5714285714285714,0.8333333333333334,1.0,0.9090909090909091,0.75,1.0
A1_B3_C1_D2_E2,A1,B3,C1,D2,E2,0,2,278,648,31,50,146.05,0.266545,0.7666666666666666,0.8709677419354839,0.8709677419354839,0.0,0.8,1.0,1.0,0.8,1.0
A1_B3_C1_D2_E2,A1,B3,C1,D2,E2,0,3,278,652,31,25,81.39,0.267232,0.7487430869783811,0.790857782318883,0.8064516129032258,0.6153846153846154,0.7692307692307693,0.6666666666666666,1.0,0.5,0.9411764705882353
A1_B3_C1_D2_E2,A1,B3,C1,D2,E2,0,4,278,648,31,50,146.84,0.266989,0.942857142857143,0.9354838709677419,0.9354838709677419,0.8571428571428571,1.0,1.0,1.0,0.8,1.0
A1_B3_C1_D2_E2,A1,B3,C1,D2,E2,0,5,278,648,31,50,145.6,0.266073,0.7606421356421356,0.8355536936182097,0.8387096774193549,0.4,0.9090909090909091,0.75,0.9333333333333333,0.5714285714285714,1.0
A1_B3_C1_D2_E2,A1,B3,C1,D2,E2,0,6,278,654,31,46,135.35,0.267232,0.7817460317460317,0.9354838709677419,0.9354838709677419,0.8333333333333334,0.8571428571428571,1.0,1.0,0.0,1.0
A1_B3_C1_D2_E2,A1,B3,C1,D2,E2,0,7,278,652,31,50,144.85,0.267427,0.8050366300366302,0.8326302729528536,0.8387096774193549,0.5,0.8571428571428571,0.8,0.9230769230769231,0.75,1.0
A1_B3_C1_D2_E2,A1,B3,C1,D2,E2,0,8,278,658,31,49,146.43,0.266352,0.8815789473684211,0.8938879456706281,0.9032258064516129,0.5,0.8421052631578947,1.0,1.0,1.0,0.9473684210526315
A1_B3_C1_D2_E2,A1,B3,C1,D2,E2,0,9,279,654,30,50,143.67,0.267656,0.8876262626262627,0.9292929292929293,0.9333333333333333,0.75,0.9090909090909091,1.0,1.0,0.6666666666666666,1.0
A1_B3_C1_D2_E2,A1,B3,C1,D2,E2,1,0,278,654,31,20,66.62,0.266352,0.5660714285714286,0.6078341013824884,0.6774193548387096,0.25,0.0,0.8,0.875,0.5714285714285714,0.9
A1_B3_C1_D2_E2,A1,B3,C1,D2,E2,1,1,278,648,31,43,127.33,0.267348,0.7857142857142857,0.8248847926267281,0.8387096774193549,0.2857142857142857,0.8571428571428571,1.0,1.0,0.5714285714285714,1.0
A1_B3_C1_D2_E2,A1,B3,C1,D2,E2,1,2,278,648,31,32,99.38,0.266545,0.8148148148148149,0.8853046594982078,0.8709677419354839,0.3333333333333333,0.8888888888888888,1.0,1.0,0.6666666666666666,1.0
A1_B3_C1_D2_E2,A1,B3,C1,D2,E2,1,3,278,652,31,28,88.54,0.267232,0.8148148148148149,0.8422939068100358,0.8387096774193549,0.6666666666666666,0.8888888888888888,1.0,1.0,0.3333333333333333,1.0
A1_B3_C1_D2_E2,A1,B3,C1,D2,E2,1,4,278,648,31,22,72.41,0.266989,0.8857142857142857,0.863594470046083,0.8709677419354839,0.6,1.0,1.0,1.0,0.7142857142857143,1.0
A1_B3_C1_D2_E2,A1,B3,C1,D2,E2,1,5,278,648,31,26,82.14,0.266073,0.7777777777777777,0.8709677419354839,0.9032258064516129,0.0,1.0,1.0,1.0,0.6666666666666666,1.0
A1_B3_C1_D2_E2,A1,B3,C1,D2,E2,1,6,278,654,31,50,146.75,0.267232,0.7817460317460317,0.9354838709677419,0.9354838709677419,0.8333333333333334,0.8571428571428571,1.0,1.0,0.0,1.0
A1_B3_C1_D2_E2,A1,B3,C1,D2,E2,1,7,278,652,31,40,120.87,0.267427,0.8402777777777778,0.8588709677419355,0.8709677419354839,0.5,0.875,1.0,1.0,0.6666666666666666,1.0
A1_B3_C1_D2_E2,A1,B3,C1,D2,E2,1,8,278,658,31,32,101.43,0.266352,0.9258685930512556,0.9355837411365225,0.9354838709677419,0.6666666666666666,0.9411764705882353,1.0,1.0,1.0,0.9473684210526315
A1_B3_C1_D2_E2,A1,B3,C1,D2,E2,1,9,279,654,30,50,146.86,0.267656,0.961038961038961,0.9658008658008658,0.9666666666666667,0.8571428571428571,0.9090909090909091,1.0,1.0,1.0,1.0
A1_B3_C1_D2_E2,A1,B3,C1,D2,E2,2,0,278,654,31,32,97.21,0.266352,0.8266622438449064,0.8604766184911994,0.8709677419354839,0.5714285714285714,0.8333333333333334,0.6666666666666666,0.9411764705882353,1.0,0.9473684210526315
A1_B3_C1_D2_E2,A1,B3,C1,D2,E2,2,1,278,648,31,48,139.28,0.267348,0.8023088023088024,0.8332635106828655,0.8387096774193549,0.5,0.8333333333333334,1.0,0.9090909090909091,0.5714285714285714,1.0
A1_B3_C1_D2_E2,A1,B3,C1,D2,E2,2,2,278,648,31,19,63.19,0.266545,0.6669637551990494,0.8010465183140705,0.8064516129032258,0.0,0.7272727272727273,0.6666666666666666,0.9411764705882353,0.6666666666666666,1.0
A1_B3_C1_D2_E2,A1,B3,C1,D2,E2,2,3,278,652,31,32,100.34,0.267232,0.7443667443667444,0.7545680126325288,0.7741935483870968,0.36363636363636365,0.7692307692307693,1.0,1.0,0.3333333333333333,1.0
A1_B3_C1_D2_E2,A1,B3,C1,D2,E2,2,4,278,648,31,41,123.99,0.266989,0.9082491582491582,0.8971977842945585,0.9032258064516129,0.7272727272727273,0.8888888888888888,1.0,1.0,0.8333333333333334,1.0
A1_B3_C1_D2_E2,A1,B3,C1,D2,E2,2,5,278,648,31,26,83.17,0.266073,0.7112373737373737,0.7993401759530793,0.8064516129032258,0.4,0.9090909090909091,0.75,0.875,0.3333333333333333,1.0
A1_B3_C1_D2_E2,A1,B3,C1,D2,E2,2,6,278,654,31,48,141.92,0.267232,0.7692307692307693,0.9156327543424319,0.9032258064516129,0.9230769230769231,0.7692307692307693,1.0,0.9230769230769231,0.0,1.0
A1_B3_C1_D2_E2,A1,B3,C1,D2,E2,2,7,278,652,31,28,86.11,0.267427,0.8402777777777778,0.8588709677419355,0.8709677419354839,0.5,0.875,1.0,1.0,0.6666666666666666,1.0
A1_B3_C1_D2_E2,A1,B3,C1,D2,E2,2,8,278,658,31,27,84.15,0.266352,0.8129873294346979,0.8629503867194869,0.8709677419354839,0.5,0.875,1.0,0.8888888888888888,0.6666666666666666,0.9473684210526315
A1_B3_C1_D2_E2,A1,B3,C1,D2,E2,2,9,279,654,30,31,94.07,0.267656,0.8876262626262627,0.9292929292929293,0.9333333333333333,0.75,0.9090909090909091,1.0,1.0,0.6666666666666666,1.0
A3_B3_C1_D2_E2,A3,B3,C1,D2,E2,0,0,278,654,31,23,74.13,0.266352,0.43045380545380546,0.5857753357753358,0.6129032258064516,0.0,0.7692307692307693,0.0,0.7777777777777778,0.2857142857142857,0.75
A3_B3_C1_D2_E2,A3,B3,C1,D2,E2,0,1,278,648,31,33,101.3,0.267348,0.5489262371615312,0.6305412487575675,0.6451612903225806,0.2857142857142857,0.6666666666666666,0.3333333333333333,0.6666666666666666,0.4,0.9411764705882353
A3_B3_C1_D2_E2,A3,B3,C1,D2,E2,0,2,278,648,31,28,89.36,0.266545,0.5655929038281979,0.6900424686003434,0.7096774193548387,0.6666666666666666,0.6,0.0,0.9411764705882353,0.2857142857142857,0.9
A3_B3_C1_D2_E2,A3,B3,C1,D2,E2,0,3,278,652,31,29,91.33,0.267232,0.4708333333333334,0.5661290322580644,0.5806451612903226,0.3333333333333333,0.6,0.0,0.625,0.3333333333333333,0.9333333333333333
A3_B3_C1_D2_E2,A3,B3,C1,D2,E2,0,4,278,648,31,36,109.43,0.266989,0.6301533433886375,0.6419744076290566,0.6451612903225806,0.46153846153846156,0.75,0.6666666666666666,0.46153846153846156,0.5,0.9411764705882353
A3_B3_C1_D2_E2,A3,B3,C1,D2,E2,0,5,278,648,31,36,107.48,0.266073,0.6274255156608097,0.7091599102984303,0.7096774193548387,0.4,0.9090909090909091,0.4,0.7142857142857143,0.4,0.9411764705882353
A3_B3_C1_D2_E2,A3,B3,C1,D2,E2,0,6,278,654,31,29,87.87,0.267232,0.4645604395604395,0.6165012406947891,0.6129032258064516,0.4,0.7142857142857143,0.0,0.75,0.0,0.9230769230769231
A3_B3_C1_D2_E2,A3,B3,C1,D2,E2,0,7,278,652,31,31,93.31,0.267427,0.5700926524455937,0.6507246074608504,0.6774193548387096,0.2857142857142857,0.7058823529411765,0.0,0.7058823529411765,0.8,0.9230769230769231
A3_B3_C1_D2_E2,A3,B3,C1,D2,E2,0,8,278,658,31,36,108.26,0.266352,0.4705572205572206,0.617237601108569,0.6129032258064516,0.3333333333333333,0.7692307692307693,0.5,0.36363636363636365,0.0,0.8571428571428571
A3_B3_C1_D2_E2,A3,B3,C1,D2,E2,0,9,279,654,30,30,90.46,0.267656,0.5928104575163399,0.6118300653594771,0.6333333333333333,0.4,0.6666666666666666,0.5,0.5,0.6666666666666666,0.8235294117647058
A3_B3_C1_D2_E2,A3,B3,C1,D2,E2,1,0,278,654,31,26,80.48,0.266352,0.4074074074074074,0.5663082437275986,0.5806451612903226,0.3333333333333333,0.6666666666666666,0.0,0.7777777777777778,0.0,0.6666666666666666
A3_B3_C1_D2_E2,A3,B3,C1,D2,E2,1,1,278,648,31,33,98.32,0.267348,0.5966103613162437,0.650763531218939,0.6451612903225806,0.2857142857142857,0.7272727272727273,0.4444444444444444,0.7272727272727273,0.5714285714285714,0.8235294117647058
A3_B3_C1_D2_E2,A3,B3,C1,D2,E2,1,2,278,648,31,39,113.89,0.266545,0.6753812636165577,0.7704828167826271,0.7741935483870968,0.6666666666666666,0.6,0.4,0.9411764705882353,0.4444444444444444,1.0
A3_B3_C1_D2_E2,A3,B3,C1,D2,E2,1,3,278,652,31,18,60.18,0.267232,0.5032176973353444,0.6060137206247264,0.6129032258064516,0.47058823529411764,0.6666666666666666,0.0,0.6153846153846154,0.3333333333333333,0.9333333333333333
A3_B3_C1_D2_E2,A3,B3,C1,D2,E2,1,4,278,648,31,46,132.26,0.266989,0.7268162393162393,0.7489660876757651,0.7419354838709677,0.7692307692307693,0.75,0.6666666666666666,0.5,0.8,0.875
A3_B3_C1_D2_E2,A3,B3,C1,D2,E2,1,5,278,648,31,40,116.42,0.266073,0.7533577533577533,0.7772066643034384,0.7741935483870968,0.5,0.8333333333333334,0.5714285714285714,0.6153846153846154,1.0,1.0
A3_B3_C1_D2_E2,A3,B3,C1,D2,E2,1,6,278,654,31,27,83.26,0.267232,0.4773809523809524,0.6338709677419354,0.6451612903225806,0.4,0.7142857142857143,0.0,0.75,0.0,1.0
A3_B3_C1_D2_E2,A3,B3,C1,D2,E2,1,7,278,652,31,46,131.53,0.267427,0.5877594627594628,0.673431407302375,0.6774193548387096,0.5714285714285714,0.7692307692307693,0.0,0.75,0.6666666666666666,0.7692307692307693
A3_B3_C1_D2_E2,A3,B3,C1,D2,E2,1,8,278,658,31,35,105.71,0.266352,0.3013653013653013,0.5219296832200058,0.4838709677419355,0.0,0.7692307692307693,0.0,0.18181818181818182,0.0,0.8571428571428571
A3_B3_C1_D2_E2,A3,B3,C1,D2,E2,1,9,279,654,30,27,83.09,0.267656,0.6424270174270174,0.6535686535686536,0.6666666666666666,0.3333333333333333,0.7272727272727273,0.8571428571428571,0.6153846153846154,0.5714285714285714,0.75
A3_B3_C1_D2_E2,A3,B3,C1,D2,E2,2,0,278,654,31,36,106.3,0.266352,0.41292735042735046,0.5709263854425145,0.5483870967741935,0.3333333333333333,0.7692307692307693,0.0,0.625,0.0,0.75
A3_B3_C1_D2_E2,A3,B3,C1,D2,E2,2,1,278,648,31,42,121.68,0.267348,0.664351851851852,0.7199820788530467,0.7096774193548387,0.6666666666666666,0.8,0.4,0.8,0.4444444444444444,0.875
A3_B3_C1_D2_E2,A3,B3,C1,D2,E2,2,2,278,648,31,24,78.16,0.266545,0.4717592592592592,0.6172043010752688,0.6774193548387096,0.0,0.0,0.4,0.875,0.6666666666666666,0.8888888888888888
A3_B3_C1_D2_E2,A3,B3,C1,D2,E2,2,3,278,652,31,21,70.18,0.267232,0.371474358974359,0.4755996691480563,0.5161290322580645,0.15384615384615385,0.5333333333333333,0.0,0.6666666666666666,0.0,0.875
A3_B3_C1_D2_E2,A3,B3,C1,D2,E2,2,4,278,648,31,34,103.63,0.266989,0.47908496732026146,0.5762175838077167,0.6129032258064516,0.5555555555555556,0.4444444444444444,0.0,0.6,0.3333333333333333,0.9411764705882353
A3_B3_C1_D2_E2,A3,B3,C1,D2,E2,2,5,278,648,31,34,102.97,0.266073,0.577457264957265,0.651778329197684,0.6774193548387096,0.5,0.9230769230769231,0.0,0.6666666666666666,0.5,0.875
A3_B3_C1_D2_E2,A3,B3,C1,D2,E2,2,6,278,654,31,20,66.25,0.267232,0.44507575757575757,0.5854105571847508,0.6129032258064516,0.5454545454545454,0.5,0.0,0.875,0.0,0.75
A3_B3_C1_D2_E2,A3,B3,C1,D2,E2,2,7,278,652,31,41,120.99,0.267427,0.5987535612535613,0.6793148607664737,0.6774193548387096,0.4444444444444444,0.8,0.0,0.625,0.8,0.9230769230769231
A3_B3_C1_D2_E2,A3,B3,C1,D2,E2,2,8,278,658,31,25,81.68,0.266352,0.5725940725940726,0.6219694284210414,0.6129032258064516,0.5454545454545454,0.6666666666666666,0.0,0.46153846153846156,1.0,0.7619047619047619
A3_B3_C1_D2_E2,A3,B3,C1,D2,E2,2,9,279,654,30,33,100.34,0.267656,0.6212121212121212,0.6245454545454545,0.6333333333333333,0.4,0.7272727272727273,0.5,0.5,0.8,0.8
A2_B1_C1_D2_E2,A2,B1,C1,D2,E2,0,0,278,654,31,28,48.7,0.266352,0.7812650312650312,0.8309826374342503,0.8387096774193549,0.5714285714285714,0.7272727272727273,0.5,0.8888888888888888,1.0,1.0
A2_B1_C1_D2_E2,A2,B1,C1,D2,E2,0,1,278,648,31,31,51.42,0.267348,0.7373737373737373,0.7790811339198436,0.7741935483870968,0.36363636363636365,0.7272727272727273,1.0,1.0,0.3333333333333333,1.0
A2_B1_C1_D2_E2,A2,B1,C1,D2,E2,0,2,278,648,31,50,75.28,0.266545,0.9346405228758169,0.9633143580012651,0.967741935483871,1.0,1.0,0.6666666666666666,0.9411764705882353,1.0,1.0
A2_B1_C1_D2_E2,A2,B1,C1,D2,E2,0,3,278,652,31,25,41.96,0.267232,0.8735930735930736,0.8729786342689568,0.8709677419354839,0.7272727272727273,0.7142857142857143,1.0,1.0,0.8,1.0
A2_B1_C1_D2_E2,A2,B1,C1,D2,E2,0,4,278,648,31,40,63.75,0.266989,0.8563973063973064,0.8663734115347019,0.8709677419354839,0.7272727272727273,0.8888888888888888,0.8,0.8888888888888888,0.8333333333333334,1.0
A2_B1_C1_D2_E2,A2,B1,C1,D2,E2,0,5,278,648,31,35,57.14,0.266073,0.7571248196248197,0.7976365032816646,0.8064516129032258,0.4,0.7272727272727273,0.75,0.875,0.8571428571428571,0.9333333333333333
A2_B1_C1_D2_E2,A2,B1,C1,D2,E2,0,6,278,654,31,50,77.67,0.267232,0.7666666666666666,0.9161290322580646,0.9032258064516129,0.8,0.8,1.0,1.0,0.0,1.0
A2_B1_C1_D2_E2,A2,B1,C1,D2,E2,0,7,278,652,31,47,73.21,0.267427,0.9222222222222222,0.9333333333333332,0.9354838709677419,0.8,0.9333333333333333,1.0,1.0,0.8,1.0
A2_B1_C1_D2_E2,A2,B1,C1,D2,E2,0,8,278,658,31,39,63.86,0.266352,0.9382868937048504,0.9333067012883253,0.9354838709677419,0.8,0.9411764705882353,1.0,0.9411764705882353,1.0,0.9473684210526315
A2_B1_C1_D2_E2,A2,B1,C1,D2,E2,0,9,279,654,30,50,78.54,0.267656,1.0,1.0,1.0,1.0,1.0,1.0,1.0,1.0,1.0
A2_B1_C1_D2_E2,A2,B1,C1,D2,E2,1,0,278,654,31,40,63.99,0.266352,0.8592032967032966,0.902162353775257,0.9032258064516129,0.8571428571428571,0.9230769230769231,0.5,0.875,1.0,1.0
A2_B1_C1_D2_E2,A2,B1,C1,D2,E2,1,1,278,648,31,23,40.13,0.267348,0.7378787878787879,0.7859237536656891,0.7741935483870968,0.4,0.7272727272727273,0.8,1.0,0.5,1.0
A2_B1_C1_D2_E2,A2,B1,C1,D2,E2,1,2,278,648,31,50,77.61,0.266545,0.8679738562091504,0.898798228969007,0.9032258064516129,1.0,0.8,0.6666666666666666,0.9411764705882353,0.8,1.0
A2_B1_C1_D2_E2,A2,B1,C1,D2,E2,1,3,278,652,31,36,58.96,0.267232,0.825036075036075,0.8290043290043291,0.8387096774193549,0.5454545454545454,0.8333333333333334,1.0,1.0,0.5714285714285714,1.0
A2_B1_C1_D2_E2,A2,B1,C1,D2,E2,1,4,278,648,31,24,42.34,0.266989,0.9096866096866097,0.9041632202922527,0.9032258064516129,0.7692307692307693,0.8,1.0,1.0,0.8888888888888888,1.0
A2_B1_C1_D2_E2,A2,B1,C1,D2,E2,1,5,278,648,31,42,67.82,0.266073,0.7303876678876678,0.7942366773011934,0.8064516129032258,0.5,0.7692307692307693,0.6666666666666666,0.875,0.5714285714285714,1.0
A2_B1_C1_D2_E2,A2,B1,C1,D2,E2,1,6,278,654,31,29,48.55,0.267232,0.5817460317460318,0.7052227342549923,0.7741935483870968,0.0,0.7,0.8571428571428571,1.0,0.0,0.9333333333333333
A2_B1_C1_D2_E2,A2,B1,C1,D2,E2,1,7,278,652,31,46,73.42,0.267427,0.7999999999999999,0.832258064516129,0.8387096774193549,0.6,0.8,1.0,1.0,0.4,1.0
A2_B1_C1_D2_E2,A2,B1,C1,D2,E2,1,8,278,658,31,50,79.35,0.266352,0.8925352597179224,0.9377342787709312,0.9354838709677419,0.8,0.9411764705882353,1.0,1.0,0.6666666666666666,0.9473684210526315
A2_B1_C1_D2_E2,A2,B1,C1,D2,E2,1,9,279,654,30,31,52.91,0.267656,0.7948717948717948,0.8504273504273504,0.8666666666666667,0.3333333333333333,0.7692307692307693,1.0,1.0,0.6666666666666666,1.0
A2_B1_C1_D2_E2,A2,B1,C1,D2,E2,2,0,278,654,31,30,51.09,0.266352,0.833630421865716,0.8636076131332299,0.8709677419354839,0.7272727272727273,0.6666666666666666,0.6666666666666666,0.9411764705882353,1.0,1.0
A2_B1_C1_D2_E2,A2,B1,C1,D2,E2,2,1,278,648,31,36,59.54,0.267348,0.8000000000000002,0.8408602150537634,0.8387096774193549,0.5,0.8333333333333334,0.8,1.0,0.6666666666666666,1.0
A2_B1_C1_D2_E2,A2,B1,C1,D2,E2,2,2,278,648,31,41,65.8,0.266545,0.9009704892057832,0.9307304544496194,0.9354838709677419,1.0,0.9090909090909091,0.6666666666666666,0.9411764705882353,0.8888888888888888,1.0
A2_B1_C1_D2_E2,A2,B1,C1,D2,E2,2,3,278,652,31,20,36.44,0.267232,0.7372294372294372,0.7621281943862589,0.7741935483870968,0.5,0.7142857142857143,0.8,0.9090909090909091,0.5,1.0
A2_B1_C1_D2_E2,A2,B1,C1,D2,E2,2,4,278,648,31,38,61.25,0.266989,0.8873015873015873,0.9046594982078853,0.9032258064516129,0.8571428571428571,0.8888888888888888,0.8,0.8888888888888888,0.8888888888888888,1.0
A2_B1_C1_D2_E2,A2,B1,C1,D2,E2,2,5,278,648,31,24,41.98,0.266073,0.7722222222222221,0.8612903225806451,0.8709677419354839,0.5,1.0,0.8,1.0,0.3333333333333333,1.0
A2_B1_C1_D2_E2,A2,B1,C1,D2,E2,2,6,278,654,31,23,40.01,0.267232,0.7011904761904763,0.8455453149001536,0.8387096774193549,0.6666666666666666,0.75,0.8571428571428571,1.0,0.0,0.9333333333333333
A2_B1_C1_D2_E2,A2,B1,C1,D2,E2,2,7,278,652,31,50,78.75,0.267427,1.0,1.0,1.0,1.0,1.0,1.0,1.0,1.0,1.0
A2_B1_C1_D2_E2,A2,B1,C1,D2,E2,2,8,278,658,31,43,69.39,0.266352,0.8338206627680312,0.8952084512356159,0.9032258064516129,0.5,0.8888888888888888,1.0,1.0,0.6666666666666666,0.9473684210526315
A2_B1_C1_D2_E2,A2,B1,C1,D2,E2,2,9,279,654,30,48,76.19,0.267656,0.8388888888888889,0.8788888888888889,0.9,0.4,0.8333333333333334,1.0,1.0,0.8,1.0
A2_B2_C1_D2_E2,A2,B2,C1,D2,E2,0,0,278,654,31,38,83.27,0.266352,0.7309368191721134,0.8056082648113009,0.8064516129032258,0.4444444444444444,0.6666666666666666,0.6666666666666666,0.9411764705882353,0.6666666666666666,1.0
A2_B2_C1_D2_E2,A2,B2,C1,D2,E2,0,1,278,648,31,32,71.85,0.267348,0.6320707070707071,0.71544477028348,0.7419354838709677,0.25,0.8,0.5,0.9090909090909091,0.3333333333333333,1.0
A2_B2_C1_D2_E2,A2,B2,C1,D2,E2,0,2,278,648,31,35,77.74,0.266545,0.6179738562091502,0.7697659709044908,0.7741935483870968,0.0,0.6666666666666666,0.5,0.9411764705882353,0.6,1.0
A2_B2_C1_D2_E2,A2,B2,C1,D2,E2,0,3,278,652,31,26,60.91,0.267232,0.7203548085901027,0.7559410861118642,0.7741935483870968,0.5,0.7142857142857143,0.6666666666666666,1.0,0.5,0.9411764705882353
A2_B2_C1_D2_E2,A2,B2,C1,D2,E2,0,4,278,648,31,25,58.78,0.266989,0.8722222222222222,0.8569892473118279,0.8709677419354839,0.6,0.8,1.0,1.0,0.8333333333333334,1.0
A2_B2_C1_D2_E2,A2,B2,C1,D2,E2,0,5,278,648,31,50,105.11,0.266073,0.8082611832611833,0.8666596844016199,0.8709677419354839,0.4,0.9090909090909091,0.8571428571428571,0.9333333333333333,0.75,1.0
A2_B2_C1_D2_E2,A2,B2,C1,D2,E2,0,6,278,654,31,50,105.07,0.267232,0.7412698412698413,0.881720430107527,0.8709677419354839,0.8,0.7142857142857143,1.0,0.9333333333333333,0.0,1.0
A2_B2_C1_D2_E2,A2,B2,C1,D2,E2,0,7,278,652,31,39,84.92,0.267427,0.7886904761904762,0.8150921658986177,0.8387096774193549,0.2857142857142857,0.875,1.0,1.0,0.5714285714285714,1.0
A2_B2_C1_D2_E2,A2,B2,C1,D2,E2,0,8,278,658,31,37,83.32,0.266352,0.7018762183235867,0.8091869458592718,0.8387096774193549,0.0,0.875,1.0,0.8888888888888888,0.5,0.9473684210526315
A2_B2_C1_D2_E2,A2,B2,C1,D2,E2,0,9,279,654,30,40,86.45,0.267656,0.826984126984127,0.8641269841269842,0.8666666666666667,0.5714285714285714,0.8,0.8571428571428571,0.9333333333333333,0.8,1.0
A2_B2_C1_D2_E2,A2,B2,C1,D2,E2,1,0,278,654,31,34,75.71,0.266352,0.7078947368421052,0.7531786455385776,0.7741935483870968,0.4444444444444444,0.5,0.6666666666666666,0.8888888888888888,0.8,0.9473684210526315
A2_B2_C1_D2_E2,A2,B2,C1,D2,E2,1,1,278,648,31,36,78.78,0.267348,0.6353174603174603,0.6674347158218126,0.6774193548387096,0.3333333333333333,0.25,0.8571428571428571,0.8,0.5714285714285714,1.0
A2_B2_C1_D2_E2,A2,B2,C1,D2,E2,1,2,278,648,31,50,103.03,0.266545,0.7323232323232323,0.8377321603128054,0.8387096774193549,0.0,0.6666666666666666,1.0,1.0,0.7272727272727273,1.0
A2_B2_C1_D2_E2,A2,B2,C1,D2,E2,1,3,278,652,31,36,78.71,0.267232,0.7777777777777778,0.7956989247311829,0.8064516129032258,0.5,0.8333333333333334,1.0,1.0,0.3333333333333333,1.0
A2_B2_C1_D2_E2,A2,B2,C1,D2,E2,1,4,278,648,31,50,105.91,0.266989,0.9082491582491582,0.8971977842945585,0.9032258064516129,0.7272727272727273,0.8888888888888888,1.0,1.0,0.8333333333333334,1.0
A2_B2_C1_D2_E2,A2,B2,C1,D2,E2,1,5,278,648,31,50,104.84,0.266073,0.7087606837606838,0.7918941273779984,0.8064516129032258,0.4,0.7692307692307693,0.75,0.9333333333333333,0.4,1.0
A2_B2_C1_D2_E2,A2,B2,C1,D2,E2,1,6,278,654,31,45,96.07,0.267232,0.7943722943722943,0.9501466275659823,0.9354838709677419,0.9090909090909091,0.8571428571428571,1.0,1.0,0.0,1.0
A2_B2_C1_D2_E2,A2,B2,C1,D2,E2,1,7,278,652,31,50,104.8,0.267427,0.7666666666666666,0.8,0.8064516129032258,0.4,0.8,1.0,1.0,0.4,1.0
A2_B2_C1_D2_E2,A2,B2,C1,D2,E2,1,8,278,658,31,50,107.71,0.266352,0.7060428849902535,0.8640256555366911,0.8709677419354839,0.4,0.8888888888888888,1.0,1.0,0.0,0.9473684210526315
A2_B2_C1_D2_E2,A2,B2,C1,D2,E2,1,9,279,654,30,50,105.24,0.267656,0.7362914862914863,0.818037518037518,0.8333333333333334,0.3333333333333333,0.7272727272727273,0.8571428571428571,1.0,0.5,1.0
A2_B2_C1_D2_E2,A2,B2,C1,D2,E2,2,0,278,654,31,41,88.68,0.266352,0.8124183006535947,0.8686907020872865,0.8709677419354839,0.6666666666666666,0.8,0.6666666666666666,0.9411764705882353,0.8,1.0
A2_B2_C1_D2_E2,A2,B2,C1,D2,E2,2,1,278,648,31,50,105.29,0.267348,0.8439754689754689,0.8655215751989945,0.8709677419354839,0.5714285714285714,0.8333333333333334,1.0,0.9090909090909091,0.75,1.0
A2_B2_C1_D2_E2,A2,B2,C1,D2,E2,2,2,278,648,31,44,94.32,0.266545,0.6401960784313726,0.791271347248577,0.8064516129032258,0.0,0.8,0.5,0.9411764705882353,0.6,1.0
A2_B2_C1_D2_E2,A2,B2,C1,D2,E2,2,3,278,652,31,33,72.59,0.267232,0.7443667443667444,0.7545680126325288,0.7741935483870968,0.36363636363636365,0.7692307692307693,1.0,1.0,0.3333333333333333,1.0
A2_B2_C1_D2_E2,A2,B2,C1,D2,E2,2,4,278,648,31,50,103.93,0.266989,0.9082491582491582,0.8971977842945585,0.9032258064516129,0.7272727272727273,0.8888888888888888,1.0,1.0,0.8333333333333334,1.0
A2_B2_C1_D2_E2,A2,B2,C1,D2,E2,2,5,278,648,31,24,56.42,0.266073,0.6471380471380471,0.7314434669273379,0.7419354838709677,0.3333333333333333,0.7272727272727273,0.6666666666666666,0.9333333333333333,0.3333333333333333,0.8888888888888888
A2_B2_C1_D2_E2,A2,B2,C1,D2,E2,2,6,278,654,31,48,100.81,0.267232,0.7594516594516594,0.9166596844016198,0.9032258064516129,0.9090909090909091,0.8571428571428571,0.8571428571428571,0.9333333333333333,0.0,1.0
A2_B2_C1_D2_E2,A2,B2,C1,D2,E2,2,7,278,652,31,29,66.1,0.267427,0.6982905982905981,0.7310173697270472,0.7741935483870968,0.0,0.8,0.8,0.9230769230769231,0.6666666666666666,1.0
A2_B2_C1_D2_E2,A2,B2,C1,D2,E2,2,8,278,658,31,43,93.01,0.266352,0.8338206627680312,0.8952084512356159,0.9032258064516129,0.5,0.8888888888888888,1.0,1.0,0.6666666666666666,0.9473684210526315
A2_B2_C1_D2_E2,A2,B2,C1,D2,E2,2,9,279,654,30,40,85.7,0.267656,0.9249999999999999,0.9333333333333333,0.9333333333333333,0.75,0.8,1.0,1.0,1.0,1.0
A2_B4_C1_D2_E2,A2,B4,C1,D2,E2,0,0,278,654,31,42,102.54,0.266352,0.7330376595082478,0.7716333845366102,0.7741935483870968,0.4444444444444444,0.5,1.0,0.9411764705882353,0.5714285714285714,0.9411764705882353
A2_B4_C1_D2_E2,A2,B4,C1,D2,E2,0,1,278,648,31,44,105.61,0.267348,0.7198717948717949,0.7746898263027295,0.7741935483870968,0.25,0.7692307692307693,0.8,1.0,0.5,1.0
A2_B4_C1_D2_E2,A2,B4,C1,D2,E2,0,2,278,648,31,38,92.42,0.266545,0.6669637551990494,0.8010465183140705,0.8064516129032258,0.0,0.6666666666666666,0.6666666666666666,0.9411764705882353,0.7272727272727273,1.0
A2_B4_C1_D2_E2,A2,B4,C1,D2,E2,0,3,278,652,31,22,58.78,0.267232,0.6774976657329598,0.6646968464805277,0.7096774193548387,0.2,0.6666666666666666,1.0,0.8571428571428571,0.4,0.9411764705882353
A2_B4_C1_D2_E2,A2,B4,C1,D2,E2,0,4,278,648,31,41,98.05,0.266989,0.9160839160839161,0.9039025490638395,0.9032258064516129,0.7692307692307693,1.0,1.0,1.0,0.7272727272727273,1.0
A2_B4_C1_D2_E2,A2,B4,C1,D2,E2,0,5,278,648,31,21,56.27,0.266073,0.6249946132299073,0.7047771962382967,0.7096774193548387,0.2857142857142857,0.6,0.4,0.9230769230769231,0.6,0.9411764705882353
A2_B4_C1_D2_E2,A2,B4,C1,D2,E2,0,6,278,654,31,50,120.29,0.267232,0.8205128205128206,0.9826302729528535,0.967741935483871,1.0,0.9230769230769231,1.0,1.0,0.0,1.0
A2_B4_C1_D2_E2,A2,B4,C1,D2,E2,0,7,278,652,31,23,62.14,0.267427,0.7946623093681917,0.8221589711153279,0.8387096774193549,0.4444444444444444,0.8235294117647058,1.0,1.0,0.5,1.0
A2_B4_C1_D2_E2,A2,B4,C1,D2,E2,0,8,278,658,31,50,121.45,0.266352,0.6853457172342622,0.8319784280435435,0.8387096774193549,0.4,0.8235294117647058,1.0,0.9411764705882353,0.0,0.9473684210526315
A2_B4_C1_D2_E2,A2,B4,C1,D2,E2,0,9,279,654,30,43,105.54,0.267656,0.7521645021645021,0.8259740259740259,0.8333333333333334,0.2857142857142857,0.7272727272727273,1.0,1.0,0.5,1.0
A2_B4_C1_D2_E2,A2,B4,C1,D2,E2,1,0,278,654,31,50,120.62,0.266352,0.7587145969498911,0.7948555766392578,0.8064516129032258,0.4444444444444444,0.5,1.0,0.9411764705882353,0.6666666666666666,1.0
A2_B4_C1_D2_E2,A2,B4,C1,D2,E2,1,1,278,648,31,29,73.78,0.267348,0.6425925925925926,0.7028673835125449,0.7096774193548387,0.2222222222222222,0.6666666666666666,0.8,0.8333333333333334,0.3333333333333333,1.0
A2_B4_C1_D2_E2,A2,B4,C1,D2,E2,1,2,278,648,31,50,116.74,0.266545,0.7111111111111111,0.8365591397849462,0.8387096774193549,0.0,0.8,0.8,1.0,0.6666666666666666,1.0
A2_B4_C1_D2_E2,A2,B4,C1,D2,E2,1,3,278,652,31,28,70.54,0.267232,0.7463203463203462,0.7521575198994553,0.7741935483870968,0.36363636363636365,0.7142857142857143,1.0,1.0,0.4,1.0
A2_B4_C1_D2_E2,A2,B4,C1,D2,E2,1,4,278,648,31,42,98.13,0.266989,0.9160839160839161,0.9011955786149335,0.9032258064516129,0.7272727272727273,1.0,1.0,1.0,0.7692307692307693,1.0
A2_B4_C1_D2_E2,A2,B4,C1,D2,E2,1,5,278,648,31,28,69.45,0.266073,0.632936507936508,0.7425499231950845,0.7741935483870968,0.0,0.7142857142857143,0.75,0.9333333333333333,0.4,1.0
A2_B4_C1_D2_E2,A2,B4,C1,D2,E2,1,6,278,654,31,42,98.72,0.267232,0.7943722943722943,0.9501466275659823,0.9354838709677419,0.9090909090909091,0.8571428571428571,1.0,1.0,0.0,1.0
A2_B4_C1_D2_E2,A2,B4,C1,D2,E2,1,7,278,652,31,46,107.91,0.267427,0.8625296272355095,0.8598327668536397,0.8709677419354839,0.5714285714285714,0.8235294117647058,1.0,0.9230769230769231,0.8571428571428571,1.0
A2_B4_C1_D2_E2,A2,B4,C1,D2,E2,1,8,278,658,31,21,56.85,0.266352,0.4647802616910168,0.6895054823378437,0.7096774193548387,0.5,0.7368421052631579,0.0,0.7692307692307693,0.0,0.782608695652174
A2_B4_C1_D2_E2,A2,B4,C1,D2,E2,1,9,279,654,30,50,117.91,0.267656,0.6706349206349206,0.8023809523809523,0.8333333333333334,0.3333333333333333,0.8333333333333334,0.8571428571428571,1.0,0.0,1.0
A2_B4_C1_D2_E2,A2,B4,C1,D2,E2,2,0,278,654,31,30,75.17,0.266352,0.74760348583878,0.7905545013704406,0.8064516129032258,0.4444444444444444,0.5,0.8,0.9411764705882353,0.8,1.0
A2_B4_C1_D2_E2,A2,B4,C1,D2,E2,2,1,278,648,31,44,104.45,0.267348,0.7505892255892256,0.7681329423264908,0.7741935483870968,0.4,0.4444444444444444,1.0,0.9090909090909091,0.75,1.0
A2_B4_C1_D2_E2,A2,B4,C1,D2,E2,2,2,278,648,31,33,83.65,0.266545,0.75,0.8548387096774194,0.8709677419354839,0.0,0.6666666666666666,1.0,1.0,0.8333333333333334,1.0
A2_B4_C1_D2_E2,A2,B4,C1,D2,E2,2,3,278,652,31,50,119.1,0.267232,0.7536907536907537,0.7699075118429957,0.7741935483870968,0.46153846153846156,0.7272727272727273,1.0,1.0,0.3333333333333333,1.0
A2_B4_C1_D2_E2,A2,B4,C1,D2,E2,2,4,278,648,31,50,118.51,0.266989,0.9385521885521886,0.9333659172368849,0.9354838709677419,0.8333333333333334,0.8888888888888888,1.0,1.0,0.9090909090909091,1.0
A2_B4_C1_D2_E2,A2,B4,C1,D2,E2,2,5,278,648,31,30,76.7,0.266073,0.7003914386267328,0.7866748684585497,0.8064516129032258,0.5,0.9230769230769231,0.5714285714285714,0.9333333333333333,0.3333333333333333,0.9411764705882353
A2_B4_C1_D2_E2,A2,B4,C1,D2,E2,2,6,278,654,31,50,122.13,0.267232,0.7417929292929294,0.8789100684261975,0.8709677419354839,0.9090909090909091,0.6666666666666666,1.0,0.875,0.0,1.0
A2_B4_C1_D2_E2,A2,B4,C1,D2,E2,2,7,278,652,31,24,66.87,0.267427,0.6694444444444446,0.7026881720430107,0.7419354838709677,0.0,0.75,1.0,0.9333333333333333,0.3333333333333333,1.0
A2_B4_C1_D2_E2,A2,B4,C1,D2,E2,2,8,278,658,31,50,126.34,0.266352,0.8338206627680312,0.8952084512356159,0.9032258064516129,0.5,0.8888888888888888,1.0,1.0,0.6666666666666666,0.9473684210526315
A2_B4_C1_D2_E2,A2,B4,C1,D2,E2,2,9,279,654,30,50,125.18,0.267656,0.8386724386724387,0.8662914862914862,0.8666666666666667,0.5714285714285714,0.7272727272727273,1.0,0.9333333333333333,0.8,1.0
A2_B3_C2_D2_E2,A2,B3,C2,D2,E2,0,0,278,654,31,37,115.99,0.266352,0.6481481481481481,0.7777777777777778,0.8064516129032258,0.6666666666666666,0.6666666666666666,0.6666666666666666,0.8888888888888888,0.0,1.0
A2_B3_C2_D2_E2,A2,B3,C2,D2,E2,0,1,278,648,31,36,105.61,0.267348,0.7282828282828283,0.7691104594330401,0.7741935483870968,0.4,0.7272727272727273,1.0,0.9090909090909091,0.3333333333333333,1.0
A2_B3_C2_D2_E2,A2,B3,C2,D2,E2,0,2,278,648,31,23,72.15,0.266545,0.7457516339869281,0.8385831752055661,0.8387096774193549,0.4,0.8,0.6666666666666666,0.9411764705882353,0.6666666666666666,1.0
A2_B3_C2_D2_E2,A2,B3,C2,D2,E2,0,3,278,652,31,32,98.15,0.267232,0.7997835497835498,0.8016338500209469,0.8064516129032258,0.5,0.7272727272727273,1.0,1.0,0.5714285714285714,1.0
A2_B3_C2_D2_E2,A2,B3,C2,D2,E2,0,4,278,648,31,49,138.31,0.266989,0.9375,0.9314516129032258,0.9354838709677419,0.875,1.0,1.0,1.0,0.75,1.0
A2_B3_C2_D2_E2,A2,B3,C2,D2,E2,0,5,278,648,31,26,79.82,0.266073,0.7210763093116034,0.7918019993921322,0.8064516129032258,0.5714285714285714,0.9090909090909091,0.4,0.9333333333333333,0.5714285714285714,0.9411764705882353
A2_B3_C2_D2_E2,A2,B3,C2,D2,E2,0,6,278,654,31,43,126.33,0.267232,0.8076923076923078,0.967741935483871,0.967741935483871,0.9230769230769231,0.9230769230769231,1.0,1.0,0.0,1.0
A2_B3_C2_D2_E2,A2,B3,C2,D2,E2,0,7,278,652,31,23,74.73,0.267427,0.6527639027639027,0.6908414166478682,0.7096774193548387,0.3333333333333333,0.6363636363636364,0.6666666666666666,0.9230769230769231,0.5,0.8571428571428571
A2_B3_C2_D2_E2,A2,B3,C2,D2,E2,0,8,278,658,31,40,121.87,0.266352,0.8815789473684211,0.8938879456706281,0.9032258064516129,0.5,0.8421052631578947,1.0,1.0,1.0,0.9473684210526315
A2_B3_C2_D2_E2,A2,B3,C2,D2,E2,0,9,279,654,30,50,148.02,0.267656,0.8388888888888889,0.8788888888888889,0.9,0.4,0.8333333333333334,1.0,1.0,0.8,1.0
A2_B3_C2_D2_E2,A2,B3,C2,D2,E2,1,0,278,654,31,40,122.35,0.266352,0.8124183006535947,0.8686907020872865,0.8709677419354839,0.6666666666666666,0.8,0.6666666666666666,0.9411764705882353,0.8,1.0
A2_B3_C2_D2_E2,A2,B3,C2,D2,E2,1,1,278,648,31,23,75.8,0.267348,0.6161616161616161,0.6813294232649072,0.6774193548387096,0.36363636363636365,0.6666666666666666,0.6666666666666666,0.6666666666666666,0.3333333333333333,1.0
A2_B3_C2_D2_E2,A2,B3,C2,D2,E2,1,2,278,648,31,18,61.28,0.266545,0.6568627450980392,0.7590132827324478,0.7741935483870968,0.3333333333333333,0.6666666666666666,0.6666666666666666,0.9411764705882353,0.3333333333333333,1.0
A2_B3_C2_D2_E2,A2,B3,C2,D2,E2,1,3,278,652,31,46,134.23,0.267232,0.8311355311355312,0.8394186458702587,0.8387096774193549,0.6153846153846154,0.8,1.0,1.0,0.5714285714285714,1.0
A2_B3_C2_D2_E2,A2,B3,C2,D2,E2,1,4,278,648,31,50,143.38,0.266989,0.8572390572390572,0.867188009123493,0.8709677419354839,0.7272727272727273,0.8888888888888888,0.8,1.0,0.7272727272727273,1.0
A2_B3_C2_D2_E2,A2,B3,C2,D2,E2,1,5,278,648,31,46,134.52,0.266073,0.7606421356421356,0.8355536936182097,0.8387096774193549,0.4,0.9090909090909091,0.75,0.9333333333333333,0.5714285714285714,1.0
A2_B3_C2_D2_E2,A2,B3,C2,D2,E2,1,6,278,654,31,50,141.59,0.267232,0.8205128205128206,0.9826302729528535,0.967741935483871,1.0,0.9230769230769231,1.0,1.0,0.0,1.0
A2_B3_C2_D2_E2,A2,B3,C2,D2,E2,1,7,278,652,31,35,103.3,0.267427,0.7291666666666666,0.7620967741935484,0.8064516129032258,0.0,0.875,1.0,1.0,0.5,1.0
A2_B3_C2_D2_E2,A2,B3,C2,D2,E2,1,8,278,658,31,18,61.05,0.266352,0.4761002282741413,0.6435923123160151,0.6451612903225806,0.3333333333333333,0.5714285714285714,0.0,0.7692307692307693,0.4,0.782608695652174
A2_B3_C2_D2_E2,A2,B3,C2,D2,E2,1,9,279,654,30,42,121.73,0.267656,0.7615384615384615,0.814871794871795,0.8666666666666667,0.0,0.7692307692307693,1.0,1.0,0.8,1.0
A2_B3_C2_D2_E2,A2,B3,C2,D2,E2,2,0,278,654,31,50,142.62,0.266352,0.9383442265795208,0.9317731393632722,0.9354838709677419,0.8888888888888888,0.8,1.0,0.9411764705882353,1.0,1.0
A2_B3_C2_D2_E2,A2,B3,C2,D2,E2,2,1,278,648,31,29,87.94,0.267348,0.743609022556391,0.790249818093621,0.8064516129032258,0.2857142857142857,0.8571428571428571,0.8,1.0,0.5714285714285714,0.9473684210526315
A2_B3_C2_D2_E2,A2,B3,C2,D2,E2,2,2,278,648,31,44,127.16,0.266545,0.7722222222222221,0.8763440860215054,0.9032258064516129,0.0,0.8,1.0,1.0,0.8333333333333334,1.0
A2_B3_C2_D2_E2,A2,B3,C2,D2,E2,2,3,278,652,31,44,126.87,0.267232,0.7901098901098901,0.7858206309819213,0.8064516129032258,0.4,0.7692307692307693,1.0,1.0,0.5714285714285714,1.0
A2_B3_C2_D2_E2,A2,B3,C2,D2,E2,2,4,278,648,31,50,141.82,0.266989,0.9385521885521886,0.9333659172368849,0.9354838709677419,0.8333333333333334,0.8888888888888888,1.0,1.0,0.9090909090909091,1.0
A2_B3_C2_D2_E2,A2,B3,C2,D2,E2,2,5,278,648,31,27,83.38,0.266073,0.6329311211664153,0.7452002140806695,0.7741935483870968,0.5,0.9230769230769231,0.5,0.9333333333333333,0.0,0.9411764705882353
A2_B3_C2_D2_E2,A2,B3,C2,D2,E2,2,6,278,654,31,31,97.11,0.267232,0.6946733821733821,0.8367157036511875,0.8064516129032258,0.6666666666666666,0.7692307692307693,0.8571428571428571,1.0,0.0,0.875
A2_B3_C2_D2_E2,A2,B3,C2,D2,E2,2,7,278,652,31,31,95.33,0.267427,0.7333333333333333,0.7462365591397849,0.8064516129032258,0.0,0.8,1.0,1.0,0.6666666666666666,0.9333333333333333
A2_B3_C2_D2_E2,A2,B3,C2,D2,E2,2,8,278,658,31,46,136.08,0.266352,0.8716202270381838,0.8945970238689703,0.9032258064516129,0.4,0.9411764705882353,1.0,0.9411764705882353,1.0,0.9473684210526315
A2_B3_C2_D2_E2,A2,B3,C2,D2,E2,2,9,279,654,30,50,142.9,0.267656,0.8831168831168831,0.8974025974025974,0.9,0.5714285714285714,0.7272727272727273,1.0,1.0,1.0,1.0
A2_B3_C3_D2_E2,A2,B3,C3,D2,E2,0,0,278,654,31,33,121.67,0.266352,0.8743386243386243,0.8991295442908346,0.9032258064516129,0.8571428571428571,0.8333333333333334,0.6666666666666666,0.8888888888888888,1.0,1.0
A2_B3_C3_D2_E2,A2,B3,C3,D2,E2,0,1,278,648,31,31,115.37,0.267348,0.7416666666666666,0.7870967741935483,0.8064516129032258,0.25,0.8,1.0,1.0,0.4,1.0
A2_B3_C3_D2_E2,A2,B3,C3,D2,E2,0,2,278,648,31,38,139.48,0.266545,0.6891859774212716,0.8225518946581566,0.8387096774193549,0.0,0.8,0.6666666666666666,0.9411764705882353,0.7272727272727273,1.0
A2_B3_C3_D2_E2,A2,B3,C3,D2,E2,0,3,278,652,31,24,94.48,0.267232,0.748015873015873,0.7354070660522273,0.7741935483870968,0.25,0.6666666666666666,1.0,1.0,0.5714285714285714,1.0
A2_B3_C3_D2_E2,A2,B3,C3,D2,E2,0,4,278,648,31,50,178.32,0.266989,0.8111111111111112,0.7849462365591398,0.8064516129032258,0.4,0.8,1.0,1.0,0.6666666666666666,1.0
A2_B3_C3_D2_E2,A2,B3,C3,D2,E2,0,5,278,648,31,50,186.32,0.266073,0.7992063492063491,0.8371735791090631,0.8387096774193549,0.5714285714285714,0.8333333333333334,0.6666666666666666,0.9333333333333333,0.8571428571428571,0.9333333333333333
A2_B3_C3_D2_E2,A2,B3,C3,D2,E2,0,6,278,654,31,50,184.45,0.267232,0.8205128205128206,0.9826302729528535,0.967741935483871,1.0,0.9230769230769231,1.0,1.0,0.0,1.0
A2_B3_C3_D2_E2,A2,B3,C3,D2,E2,0,7,278,652,31,40,152.45,0.267427,0.9222222222222222,0.9333333333333332,0.9354838709677419,0.8,0.9333333333333333,1.0,1.0,0.8,1.0
A2_B3_C3_D2_E2,A2,B3,C3,D2,E2,0,8,278,658,31,42,164.28,0.266352,0.6760233918128655,0.8282965478211658,0.8387096774193549,0.3333333333333333,0.8421052631578947,1.0,0.9333333333333333,0.0,0.9473684210526315
A2_B3_C3_D2_E2,A2,B3,C3,D2,E2,0,9,279,654,30,50,187.89,0.267656,0.8388888888888889,0.8788888888888889,0.9,0.4,0.8333333333333334,1.0,1.0,0.8,1.0
A2_B3_C3_D2_E2,A2,B3,C3,D2,E2,1,0,278,654,31,50,184.12,0.266352,0.8187675070028012,0.8650040661425861,0.8709677419354839,0.5714285714285714,0.8,0.8,0.9411764705882353,0.8,1.0
A2_B3_C3_D2_E2,A2,B3,C3,D2,E2,1,1,278,648,31,20,81.72,0.267348,0.6504569504569505,0.7052553181585439,0.7096774193548387,0.2222222222222222,0.5714285714285714,0.8,0.9090909090909091,0.4,1.0
A2_B3_C3_D2_E2,A2,B3,C3,D2,E2,1,2,278,648,31,50,186.09,0.266545,0.7000000000000001,0.8258064516129032,0.8387096774193549,0.0,0.8,0.8,1.0,0.6,1.0
A2_B3_C3_D2_E2,A2,B3,C3,D2,E2,1,3,278,652,31,50,189.13,0.267232,0.825036075036075,0.8290043290043291,0.8387096774193549,0.5454545454545454,0.8333333333333334,1.0,1.0,0.5714285714285714,1.0
A2_B3_C3_D2_E2,A2,B3,C3,D2,E2,1,4,278,648,31,38,148.03,0.266989,0.9160839160839161,0.9011955786149335,0.9032258064516129,0.7272727272727273,1.0,1.0,1.0,0.7692307692307693,1.0
A2_B3_C3_D2_E2,A2,B3,C3,D2,E2,1,5,278,648,31,30,118.03,0.266073,0.7924603174603174,0.862826420890937,0.8709677419354839,0.5,1.0,0.75,0.9333333333333333,0.5714285714285714,1.0
A2_B3_C3_D2_E2,A2,B3,C3,D2,E2,1,6,278,654,31,50,186.89,0.267232,0.8205128205128206,0.9826302729528535,0.967741935483871,1.0,0.9230769230769231,1.0,1.0,0.0,1.0
A2_B3_C3_D2_E2,A2,B3,C3,D2,E2,1,7,278,652,31,38,143.25,0.267427,0.818878833584716,0.8298788498029485,0.8387096774193549,0.5,0.8235294117647058,1.0,0.9230769230769231,0.6666666666666666,1.0
A2_B3_C3_D2_E2,A2,B3,C3,D2,E2,1,8,278,658,31,50,187.63,0.266352,0.832731338149295,0.893521755051766,0.9032258064516129,0.5,0.9411764705882353,1.0,0.9411764705882353,0.6666666666666666,0.9473684210526315
A2_B3_C3_D2_E2,A2,B3,C3,D2,E2,1,9,279,654,30,48,179.98,0.267656,0.8388888888888889,0.8788888888888889,0.9,0.4,0.8333333333333334,1.0,1.0,0.8,1.0
A2_B3_C3_D2_E2,A2,B3,C3,D2,E2,2,0,278,654,31,50,187.62,0.266352,0.9009704892057834,0.9313821325206525,0.9354838709677419,0.8888888888888888,0.9090909090909091,0.6666666666666666,0.9411764705882353,1.0,1.0
A2_B3_C3_D2_E2,A2,B3,C3,D2,E2,2,1,278,648,31,34,128.55,0.267348,0.8143939393939394,0.8357771260997067,0.8387096774193549,0.5,0.7272727272727273,1.0,0.9090909090909091,0.75,1.0
A2_B3_C3_D2_E2,A2,B3,C3,D2,E2,2,2,278,648,31,45,162.97,0.266545,0.8431818181818181,0.9063049853372434,0.9032258064516129,0.4,0.9090909090909091,1.0,1.0,0.75,1.0
A2_B3_C3_D2_E2,A2,B3,C3,D2,E2,2,3,278,652,31,50,184.86,0.267232,0.7536907536907537,0.7699075118429957,0.7741935483870968,0.46153846153846156,0.7272727272727273,1.0,1.0,0.3333333333333333,1.0
A2_B3_C3_D2_E2,A2,B3,C3,D2,E2,2,4,278,648,31,50,178.77,0.266989,0.9160839160839161,0.9039025490638395,0.9032258064516129,0.7692307692307693,1.0,1.0,1.0,0.7272727272727273,1.0
A2_B3_C3_D2_E2,A2,B3,C3,D2,E2,2,5,278,648,31,41,153.17,0.266073,0.7985294117647058,0.8541745730550284,0.8709677419354839,0.5,1.0,0.6666666666666666,0.9333333333333333,0.75,0.9411764705882353
A2_B3_C3_D2_E2,A2,B3,C3,D2,E2,2,6,278,654,31,50,178.96,0.267232,0.7666666666666666,0.9161290322580646,0.9032258064516129,0.8,0.8,1.0,1.0,0.0,1.0
A2_B3_C3_D2_E2,A2,B3,C3,D2,E2,2,7,278,652,31,21,87.83,0.267427,0.6452380952380953,0.7129032258064517,0.7419354838709677,0.5,0.7142857142857143,0.8,0.8571428571428571,0.0,1.0
A2_B3_C3_D2_E2,A2,B3,C3,D2,E2,2,8,278,658,31,27,108.5,0.266352,0.8129873294346979,0.8629503867194869,0.8709677419354839,0.5,0.875,1.0,0.8888888888888888,0.6666666666666666,0.9473684210526315
A2_B3_C3_D2_E2,A2,B3,C3,D2,E2,2,9,279,654,30,33,127.58,0.267656,0.8831168831168831,0.8974025974025974,0.9,0.5714285714285714,0.7272727272727273,1.0,1.0,1.0,1.0
A2_B3_C1_D1_E2,A2,B3,C1,D1,E2,0,0,278,654,31,36,109.28,0.266352,0.8457516339869281,0.8643896268184693,0.8709677419354839,0.6666666666666666,0.6666666666666666,1.0,0.9411764705882353,0.8,1.0
A2_B3_C1_D1_E2,A2,B3,C1,D1,E2,0,1,278,648,31,20,67.16,0.267348,0.7372294372294372,0.7908671973188102,0.8064516129032258,0.2857142857142857,0.8571428571428571,0.8,0.9090909090909091,0.5714285714285714,1.0
A2_B3_C1_D1_E2,A2,B3,C1,D1,E2,0,2,278,648,31,19,65.32,0.266545,0.6430799220272905,0.7639313337106205,0.7741935483870968,0.0,0.6666666666666666,0.8,1.0,0.4444444444444444,0.9473684210526315
A2_B3_C1_D1_E2,A2,B3,C1,D1,E2,0,3,278,652,31,18,61.1,0.267232,0.6378163746584798,0.641015652900203,0.6774193548387096,0.2222222222222222,0.6153846153846154,0.6666666666666666,0.9090909090909091,0.5714285714285714,0.8421052631578947
A2_B3_C1_D1_E2,A2,B3,C1,D1,E2,0,4,278,648,31,46,136.84,0.266989,0.8231481481481481,0.832078853046595,0.8387096774193549,0.75,1.0,0.8,0.8888888888888888,0.5,1.0
A2_B3_C1_D1_E2,A2,B3,C1,D1,E2,0,5,278,648,31,25,79.73,0.266073,0.7928571428571428,0.840552995391705,0.8387096774193549,0.4,0.8333333333333334,1.0,1.0,0.6666666666666666,0.8571428571428571
A2_B3_C1_D1_E2,A2,B3,C1,D1,E2,0,6,278,654,31,50,144.62,0.267232,0.8205128205128206,0.9826302729528535,0.967741935483871,1.0,0.9230769230769231,1.0,1.0,0.0,1.0
A2_B3_C1_D1_E2,A2,B3,C1,D1,E2,0,7,278,652,31,32,97.43,0.267427,0.7355455002513827,0.7986960541040238,0.8064516129032258,0.6,0.8235294117647058,0.6666666666666666,0.9230769230769231,0.4,1.0
A2_B3_C1_D1_E2,A2,B3,C1,D1,E2,0,8,278,658,31,31,97.86,0.266352,0.8538011695906432,0.8670062252405205,0.8709677419354839,0.4,0.8421052631578947,1.0,0.9333333333333333,1.0,0.9473684210526315
A2_B3_C1_D1_E2,A2,B3,C1,D1,E2,0,9,279,654,30,28,87.88,0.267656,0.7615384615384615,0.814871794871795,0.8666666666666667,0.0,0.7692307692307693,1.0,1.0,0.8,1.0
A2_B3_C1_D1_E2,A2,B3,C1,D1,E2,1,0,278,654,31,45,131.19,0.266352,0.8175925925925926,0.8659498207885306,0.8709677419354839,0.75,0.8,0.6666666666666666,0.8888888888888888,0.8,1.0
A2_B3_C1_D1_E2,A2,B3,C1,D1,E2,1,1,278,648,31,24,76.52,0.267348,0.5765310397663339,0.6245189556385002,0.6129032258064516,0.3076923076923077,0.25,0.5714285714285714,0.8888888888888888,0.5,0.9411764705882353
A2_B3_C1_D1_E2,A2,B3,C1,D1,E2,1,2,278,648,31,49,140.07,0.266545,0.734640522875817,0.834282099936749,0.8387096774193549,0.5,0.8,0.5,0.9411764705882353,0.6666666666666666,1.0
A2_B3_C1_D1_E2,A2,B3,C1,D1,E2,1,3,278,652,31,33,99.13,0.267232,0.8300865800865801,0.8387795000698226,0.8387096774193549,0.6666666666666666,0.8333333333333334,1.0,0.9090909090909091,0.5714285714285714,1.0
A2_B3_C1_D1_E2,A2,B3,C1,D1,E2,1,4,278,648,31,50,142.13,0.266989,0.9160839160839161,0.9011955786149335,0.9032258064516129,0.7272727272727273,1.0,1.0,1.0,0.7692307692307693,1.0
A2_B3_C1_D1_E2,A2,B3,C1,D1,E2,1,5,278,648,31,21,68.18,0.266073,0.6073717948717948,0.7015715467328371,0.7419354838709677,0.0,0.7692307692307693,0.4,0.9333333333333333,0.6666666666666666,0.875
A2_B3_C1_D1_E2,A2,B3,C1,D1,E2,1,6,278,654,31,19,62.82,0.267232,0.5504629629629629,0.6909498207885305,0.7096774193548387,0.5,0.625,0.4,0.7777777777777778,0.0,1.0
A2_B3_C1_D1_E2,A2,B3,C1,D1,E2,1,7,278,652,31,36,105.22,0.267427,0.8402777777777778,0.8588709677419355,0.8709677419354839,0.5,0.875,1.0,1.0,0.6666666666666666,1.0
A2_B3_C1_D1_E2,A2,B3,C1,D1,E2,1,8,278,658,31,21,67.41,0.266352,0.7018762183235867,0.8091869458592718,0.8387096774193549,0.0,0.875,1.0,0.8888888888888888,0.5,0.9473684210526315
A2_B3_C1_D1_E2,A2,B3,C1,D1,E2,1,9,279,654,30,50,143.05,0.267656,0.708630421865716,0.7827480689245395,0.8,0.4,0.7272727272727273,0.75,0.9333333333333333,0.5,0.9411764705882353
A2_B3_C1_D1_E2,A2,B3,C1,D1,E2,2,0,278,654,31,50,142.84,0.266352,0.9013071895424837,0.8944971537001897,0.9032258064516129,0.8,0.6666666666666666,1.0,0.9411764705882353,1.0,1.0
A2_B3_C1_D1_E2,A2,B3,C1,D1,E2,2,1,278,648,31,30,90.36,0.267348,0.6698653198653198,0.7257738677093515,0.7096774193548387,0.36363636363636365,0.6,0.6666666666666666,0.8888888888888888,0.5,1.0
A2_B3_C1_D1_E2,A2,B3,C1,D1,E2,2,2,278,648,31,49,137.67,0.266545,0.7212121212121212,0.8463343108504399,0.8709677419354839,0.0,0.8,0.8,1.0,0.7272727272727273,1.0
A2_B3_C1_D1_E2,A2,B3,C1,D1,E2,2,3,278,652,31,17,56.48,0.267232,0.5842532467532467,0.6104000837871805,0.6774193548387096,0.0,0.625,0.5714285714285714,0.9090909090909091,0.4,1.0
A2_B3_C1_D1_E2,A2,B3,C1,D1,E2,2,4,278,648,31,48,133.1,0.266989,0.9385521885521886,0.9333659172368849,0.9354838709677419,0.8333333333333334,0.8888888888888888,1.0,1.0,0.9090909090909091,1.0
A2_B3_C1_D1_E2,A2,B3,C1,D1,E2,2,5,278,648,31,26,80.2,0.266073,0.505077030812325,0.643229872594199,0.7096774193548387,0.0,0.7142857142857143,0.5,0.875,0.0,0.9411764705882353
A2_B3_C1_D1_E2,A2,B3,C1,D1,E2,2,6,278,654,31,43,122.33,0.267232,0.7009803921568628,0.8368121442125237,0.8387096774193549,0.5,0.7058823529411765,1.0,1.0,0.0,1.0
A2_B3_C1_D1_E2,A2,B3,C1,D1,E2,2,7,278,652,31,27,82.81,0.267427,0.6349400871459695,0.7240406915454355,0.7741935483870968,0.4444444444444444,0.8235294117647058,0.6666666666666666,1.0,0.0,0.875
A2_B3_C1_D1_E2,A2,B3,C1,D1,E2,2,8,278,658,31,41,127.43,0.266352,0.8338206627680312,0.8952084512356159,0.9032258064516129,0.5,0.8888888888888888,1.0,1.0,0.6666666666666666,0.9473684210526315
A2_B3_C1_D1_E2,A2,B3,C1,D1,E2,2,9,279,654,30,29,88.49,0.267656,0.8101010101010101,0.8523232323232324,0.8666666666666667,0.3333333333333333,0.7272727272727273,1.0,1.0,0.8,1.0
A2_B3_C1_D3_E2,A2,B3,C1,D3,E2,0,0,278,654,31,37,109.08,0.266352,0.7962962962962963,0.8422939068100358,0.8387096774193549,0.4444444444444444,0.6666666666666666,1.0,1.0,0.6666666666666666,1.0
A2_B3_C1_D3_E2,A2,B3,C1,D3,E2,0,1,278,648,31,19,61.83,0.267348,0.5238095238095238,0.6006144393241167,0.6451612903225806,0.0,0.5714285714285714,0.6666666666666666,0.5714285714285714,0.3333333333333333,1.0
A2_B3_C1_D3_E2,A2,B3,C1,D3,E2,0,2,278,648,31,24,74.48,0.266545,0.759640522875817,0.8501265022137887,0.8387096774193549,0.4,0.8,0.6666666666666666,1.0,0.75,0.9411764705882353
A2_B3_C1_D3_E2,A2,B3,C1,D3,E2,0,3,278,652,31,24,74.89,0.267232,0.7079365079365081,0.7087557603686636,0.7419354838709677,0.2,0.7142857142857143,1.0,1.0,0.3333333333333333,1.0
A2_B3_C1_D3_E2,A2,B3,C1,D3,E2,0,4,278,648,31,26,79.28,0.266989,0.8156565656565657,0.7981427174975562,0.8064516129032258,0.5,0.7272727272727273,1.0,1.0,0.6666666666666666,1.0
A2_B3_C1_D3_E2,A2,B3,C1,D3,E2,0,5,278,648,31,50,139.24,0.266073,0.8400793650793651,0.8939324116743471,0.9032258064516129,0.5,1.0,0.8571428571428571,0.9333333333333333,0.75,1.0
A2_B3_C1_D3_E2,A2,B3,C1,D3,E2,0,6,278,654,31,23,71.97,0.267232,0.4688788335847159,0.5965455164696151,0.6774193548387096,0.0,0.6666666666666666,0.4,0.8235294117647058,0.0,0.9230769230769231
A2_B3_C1_D3_E2,A2,B3,C1,D3,E2,0,7,278,652,31,50,140.41,0.267427,0.7444444444444445,0.7612903225806452,0.8064516129032258,0.0,0.8,1.0,1.0,0.6666666666666666,1.0
A2_B3_C1_D3_E2,A2,B3,C1,D3,E2,0,8,278,658,31,34,101.45,0.266352,0.7227095516569201,0.8414450103754009,0.8709677419354839,0.0,0.8888888888888888,1.0,1.0,0.5,0.9473684210526315
A2_B3_C1_D3_E2,A2,B3,C1,D3,E2,0,9,279,654,30,45,127.32,0.267656,0.8722222222222222,0.8966666666666667,0.9,0.6666666666666666,0.8333333333333334,1.0,0.9333333333333333,0.8,1.0
A2_B3_C1_D3_E2,A2,B3,C1,D3,E2,1,0,278,654,31,42,120.8,0.266352,0.8536315536315536,0.9008890750826235,0.9032258064516129,0.8571428571428571,0.9090909090909091,0.6666666666666666,0.8888888888888888,0.8,1.0
A2_B3_C1_D3_E2,A2,B3,C1,D3,E2,1,1,278,648,31,42,120.93,0.267348,0.8542929292929293,0.8713587487781036,0.8709677419354839,0.6666666666666666,0.8,1.0,0.9090909090909091,0.75,1.0
A2_B3_C1_D3_E2,A2,B3,C1,D3,E2,1,2,278,648,31,39,112.66,0.266545,0.7000000000000001,0.8258064516129032,0.8387096774193549,0.0,0.8,0.8,1.0,0.6,1.0
A2_B3_C1_D3_E2,A2,B3,C1,D3,E2,1,3,278,652,31,30,90.58,0.267232,0.8353535353535354,0.8328445747800587,0.8387096774193549,0.5454545454545454,0.8,1.0,1.0,0.6666666666666666,1.0
A2_B3_C1_D3_E2,A2,B3,C1,D3,E2,1,4,278,648,31,41,119.76,0.266989,0.8934343434343436,0.9054740957966765,0.9032258064516129,0.8333333333333334,1.0,0.8,1.0,0.7272727272727273,1.0
A2_B3_C1_D3_E2,A2,B3,C1,D3,E2,1,5,278,648,31,27,84.66,0.266073,0.7886904761904762,0.8300691244239632,0.8387096774193549,0.5,1.0,0.75,0.875,0.75,0.8571428571428571
A2_B3_C1_D3_E2,A2,B3,C1,D3,E2,1,6,278,654,31,50,143.45,0.267232,0.8205128205128206,0.9826302729528535,0.967741935483871,1.0,0.9230769230769231,1.0,1.0,0.0,1.0
A2_B3_C1_D3_E2,A2,B3,C1,D3,E2,1,7,278,652,31,29,87.96,0.267427,0.8402777777777778,0.8588709677419355,0.8709677419354839,0.5,0.875,1.0,1.0,0.6666666666666666,1.0
A2_B3_C1_D3_E2,A2,B3,C1,D3,E2,1,8,278,658,31,33,102.97,0.266352,0.7174185463659147,0.8547578623979304,0.8387096774193549,0.3333333333333333,0.8571428571428571,0.6666666666666666,1.0,0.5,0.9473684210526315
A2_B3_C1_D3_E2,A2,B3,C1,D3,E2,1,9,279,654,30,43,123.99,0.267656,0.8388888888888889,0.8788888888888889,0.9,0.4,0.8333333333333334,1.0,1.0,0.8,1.0
A2_B3_C1_D3_E2,A2,B3,C1,D3,E2,2,0,278,654,31,50,145.92,0.266352,0.9663299663299663,0.9680677745193874,0.967741935483871,0.8888888888888888,0.9090909090909091,1.0,1.0,1.0,1.0
A2_B3_C1_D3_E2,A2,B3,C1,D3,E2,2,1,278,648,31,43,124.6,0.267348,0.762962962962963,0.8121863799283154,0.8064516129032258,0.4444444444444444,0.8333333333333334,0.8,1.0,0.5,1.0
A2_B3_C1_D3_E2,A2,B3,C1,D3,E2,2,2,278,648,31,41,120.64,0.266545,0.6891859774212716,0.8225518946581566,0.8387096774193549,0.0,0.8,0.6666666666666666,0.9411764705882353,0.7272727272727273,1.0
A2_B3_C1_D3_E2,A2,B3,C1,D3,E2,2,3,278,652,31,20,66.89,0.267232,0.5606060606060606,0.6094819159335289,0.6129032258064516,0.5,0.3333333333333333,0.36363636363636365,0.5,0.6666666666666666,1.0
A2_B3_C1_D3_E2,A2,B3,C1,D3,E2,2,4,278,648,31,32,98.0,0.266989,0.8763532763532763,0.8581196581196582,0.8709677419354839,0.6,0.8888888888888888,1.0,1.0,0.7692307692307693,1.0
A2_B3_C1_D3_E2,A2,B3,C1,D3,E2,2,5,278,648,31,41,120.73,0.266073,0.7949013949013949,0.868528604012475,0.8709677419354839,0.4,0.9090909090909091,0.8888888888888888,1.0,0.5714285714285714,1.0
A2_B3_C1_D3_E2,A2,B3,C1,D3,E2,2,6,278,654,31,50,140.9,0.267232,0.7666666666666666,0.9161290322580646,0.9032258064516129,0.8,0.8,1.0,1.0,0.0,1.0
A2_B3_C1_D3_E2,A2,B3,C1,D3,E2,2,7,278,652,31,27,82.43,0.267427,0.7153434800493624,0.7726940990698106,0.8064516129032258,0.5454545454545454,0.8235294117647058,1.0,0.9230769230769231,0.0,1.0
A2_B3_C1_D3_E2,A2,B3,C1,D3,E2,2,8,278,658,31,34,102.38,0.266352,0.8727095516569201,0.8962837200528202,0.9032258064516129,0.4,0.8888888888888888,1.0,1.0,1.0,0.9473684210526315
A2_B3_C1_D3_E2,A2,B3,C1,D3,E2,2,9,279,654,30,35,103.98,0.267656,0.8101010101010101,0.8523232323232324,0.8666666666666667,0.3333333333333333,0.7272727272727273,1.0,1.0,0.8,1.0
A2_B3_C1_D4_E2,A2,B3,C1,D4,E2,0,0,278,654,31,27,83.2,0.266352,0.7425925925925926,0.7885304659498208,0.8064516129032258,0.6,0.5,0.6666666666666666,0.8888888888888888,0.8,1.0
A2_B3_C1_D4_E2,A2,B3,C1,D4,E2,0,1,278,648,31,32,94.72,0.267348,0.6643162393162393,0.7263027295285361,0.7419354838709677,0.25,0.7692307692307693,0.8,0.8333333333333334,0.3333333333333333,1.0
A2_B3_C1_D4_E2,A2,B3,C1,D4,E2,0,2,278,648,31,41,117.52,0.266545,0.898148148148148,0.9336917562724015,0.9354838709677419,0.6666666666666666,0.8888888888888888,1.0,1.0,0.8333333333333334,1.0
A2_B3_C1_D4_E2,A2,B3,C1,D4,E2,0,3,278,652,31,24,74.15,0.267232,0.7079365079365081,0.7087557603686636,0.7419354838709677,0.2,0.7142857142857143,1.0,1.0,0.3333333333333333,1.0
A2_B3_C1_D4_E2,A2,B3,C1,D4,E2,0,4,278,648,31,40,114.59,0.266989,0.9160839160839161,0.9039025490638395,0.9032258064516129,0.7692307692307693,1.0,1.0,1.0,0.7272727272727273,1.0
A2_B3_C1_D4_E2,A2,B3,C1,D4,E2,0,5,278,648,31,36,104.86,0.266073,0.7936507936507936,0.8669738863287251,0.8709677419354839,0.4,1.0,0.8571428571428571,0.9333333333333333,0.5714285714285714,1.0
A2_B3_C1_D4_E2,A2,B3,C1,D4,E2,0,6,278,654,31,50,140.36,0.267232,0.6568004979769686,0.7925725128761182,0.8064516129032258,0.4444444444444444,0.7058823529411765,0.8571428571428571,0.9333333333333333,0.0,1.0
A2_B3_C1_D4_E2,A2,B3,C1,D4,E2,0,7,278,652,31,21,66.91,0.267427,0.50276716747305,0.6459778046115806,0.7096774193548387,0.5454545454545454,0.7142857142857143,0.0,0.8235294117647058,0.0,0.9333333333333333
A2_B3_C1_D4_E2,A2,B3,C1,D4,E2,0,8,278,658,31,50,143.77,0.266352,0.8610537782364408,0.862107038627562,0.8709677419354839,0.5,0.7777777777777778,1.0,0.9411764705882353,1.0,0.9473684210526315
A2_B3_C1_D4_E2,A2,B3,C1,D4,E2,0,9,279,654,30,50,141.17,0.267656,0.861038961038961,0.895007215007215,0.9,0.6666666666666666,0.9090909090909091,0.8571428571428571,0.9333333333333333,0.8,1.0
A2_B3_C1_D4_E2,A2,B3,C1,D4,E2,1,0,278,654,31,50,142.48,0.266352,0.8298786181139123,0.8693051414114031,0.8709677419354839,0.5714285714285714,0.8,1.0,0.9411764705882353,0.6666666666666666,1.0
A2_B3_C1_D4_E2,A2,B3,C1,D4,E2,1,1,278,648,31,29,88.51,0.267348,0.7333814333814334,0.7741469999534515,0.7741935483870968,0.4444444444444444,0.7272727272727273,0.8571428571428571,0.8,0.5714285714285714,1.0
A2_B3_C1_D4_E2,A2,B3,C1,D4,E2,1,2,278,648,31,50,141.25,0.266545,0.7545454545454545,0.8592375366568915,0.8709677419354839,0.0,0.8,1.0,1.0,0.7272727272727273,1.0
A2_B3_C1_D4_E2,A2,B3,C1,D4,E2,1,3,278,652,31,50,139.99,0.267232,0.7901098901098901,0.7858206309819213,0.8064516129032258,0.4,0.7692307692307693,1.0,1.0,0.5714285714285714,1.0
A2_B3_C1_D4_E2,A2,B3,C1,D4,E2,1,4,278,648,31,50,140.24,0.266989,0.9082491582491582,0.8971977842945585,0.9032258064516129,0.7272727272727273,0.8888888888888888,1.0,1.0,0.8333333333333334,1.0
A2_B3_C1_D4_E2,A2,B3,C1,D4,E2,1,5,278,648,31,38,108.87,0.266073,0.743925518925519,0.8306569774311711,0.8709677419354839,0.0,0.9230769230769231,0.8571428571428571,0.9333333333333333,0.75,1.0
A2_B3_C1_D4_E2,A2,B3,C1,D4,E2,1,6,278,654,31,50,144.97,0.267232,0.736111111111111,0.8790322580645161,0.8709677419354839,0.6666666666666666,0.75,1.0,1.0,0.0,1.0
A2_B3_C1_D4_E2,A2,B3,C1,D4,E2,1,7,278,652,31,29,89.22,0.267427,0.818878833584716,0.8298788498029485,0.8387096774193549,0.5,0.8235294117647058,1.0,0.9230769230769231,0.6666666666666666,1.0
A2_B3_C1_D4_E2,A2,B3,C1,D4,E2,1,8,278,658,31,27,82.97,0.266352,0.6758685930512556,0.8441858916741569,0.8709677419354839,0.0,0.9411764705882353,0.6666666666666666,1.0,0.5,0.9473684210526315
A2_B3_C1_D4_E2,A2,B3,C1,D4,E2,1,9,279,654,30,38,109.86,0.267656,0.8388888888888889,0.8788888888888889,0.9,0.4,0.8333333333333334,1.0,1.0,0.8,1.0
A2_B3_C1_D4_E2,A2,B3,C1,D4,E2,2,0,278,654,31,50,140.23,0.266352,0.9344098883572568,0.9348664917425529,0.9354838709677419,0.75,0.9090909090909091,1.0,1.0,1.0,0.9473684210526315
A2_B3_C1_D4_E2,A2,B3,C1,D4,E2,2,1,278,648,31,34,99.47,0.267348,0.7761904761904761,0.8239631336405531,0.8387096774193549,0.3333333333333333,0.8571428571428571,0.8,1.0,0.6666666666666666,1.0
A2_B3_C1_D4_E2,A2,B3,C1,D4,E2,2,2,278,648,31,41,119.07,0.266545,0.7722222222222221,0.8763440860215054,0.9032258064516129,0.0,0.8,1.0,1.0,0.8333333333333334,1.0
A2_B3_C1_D4_E2,A2,B3,C1,D4,E2,2,3,278,652,31,17,57.76,0.267232,0.672882672882673,0.7102789683434845,0.7419354838709677,0.46153846153846156,0.6666666666666666,1.0,0.9090909090909091,0.0,1.0
A2_B3_C1_D4_E2,A2,B3,C1,D4,E2,2,4,278,648,31,21,68.1,0.266989,0.7444444444444445,0.6946236559139785,0.7741935483870968,0.0,0.8,1.0,1.0,0.6666666666666666,1.0
A2_B3_C1_D4_E2,A2,B3,C1,D4,E2,2,5,278,648,31,27,84.97,0.266073,0.6317460317460317,0.7121351766513057,0.7741935483870968,0.8,0.8571428571428571,0.4,0.9333333333333333,0.0,0.8
A2_B3_C1_D4_E2,A2,B3,C1,D4,E2,2,6,278,654,31,38,113.62,0.267232,0.736111111111111,0.8790322580645161,0.8709677419354839,0.6666666666666666,0.75,1.0,1.0,0.0,1.0
A2_B3_C1_D4_E2,A2,B3,C1,D4,E2,2,7,278,652,31,27,84.85,0.267427,0.7191239316239316,0.7635442514474773,0.7741935483870968,0.6,0.75,0.6666666666666666,0.9230769230769231,0.5,0.875
A2_B3_C1_D4_E2,A2,B3,C1,D4,E2,2,8,278,658,31,31,96.24,0.266352,0.8727095516569201,0.8962837200528202,0.9032258064516129,0.4,0.8888888888888888,1.0,1.0,1.0,0.9473684210526315
A2_B3_C1_D4_E2,A2,B3,C1,D4,E2,2,9,279,654,30,50,144.27,0.267656,0.8388888888888889,0.8788888888888889,0.9,0.4,0.8333333333333334,1.0,1.0,0.8,1.0
A2_B3_C1_D2_E1,A2,B3,C1,D2,E1,0,0,278,654,31,50,144.59,0.0,0.2341269841269841,0.3402457757296467,0.41935483870967744,0.3333333333333333,0.0,0.0,0.42857142857142855,0.0,0.6428571428571429
A2_B3_C1_D2_E1,A2,B3,C1,D2,E1,0,1,278,648,31,30,91.92,0.0,0.3132630654369785,0.40629011007692634,0.45161290322580644,0.3333333333333333,0.4,0.0,0.36363636363636365,0.0,0.782608695652174
A2_B3_C1_D2_E1,A2,B3,C1,D2,E1,0,2,278,648,31,50,141.95,0.0,0.4648148148148148,0.6627240143369175,0.6774193548387096,0.0,0.4444444444444444,0.0,1.0,0.4444444444444444,0.9
A2_B3_C1_D2_E1,A2,B3,C1,D2,E1,0,3,278,652,31,50,143.52,0.0,0.7222222222222223,0.7311827956989246,0.7419354838709677,0.3333333333333333,0.6666666666666666,1.0,1.0,0.3333333333333333,1.0
A2_B3_C1_D2_E1,A2,B3,C1,D2,E1,0,4,278,648,31,50,144.29,0.0,0.5009259259259259,0.5356630824372759,0.5483870967741935,0.25,0.2222222222222222,0.5,0.5,0.6,0.9333333333333333
A2_B3_C1_D2_E1,A2,B3,C1,D2,E1,0,5,278,648,31,50,144.26,0.0,0.5922979797979798,0.7022482893450636,0.7096774193548387,0.0,0.8,0.3333333333333333,1.0,0.5454545454545454,0.875
A2_B3_C1_D2_E1,A2,B3,C1,D2,E1,0,6,278,654,31,49,141.11,0.0,0.27012987012987016,0.3659824046920821,0.3870967741935484,0.0,0.36363636363636365,0.0,0.4,0.0,0.8571428571428571
A2_B3_C1_D2_E1,A2,B3,C1,D2,E1,0,7,278,652,31,50,144.06,0.0,0.5459197235513025,0.5729665071770335,0.6129032258064516,0.0,0.631578947368421,0.5,0.75,0.6666666666666666,0.7272727272727273
A2_B3_C1_D2_E1,A2,B3,C1,D2,E1,0,8,278,658,31,50,146.9,0.0,0.48148148148148145,0.6548387096774194,0.6451612903225806,0.2222222222222222,0.3333333333333333,0.0,0.9333333333333333,0.5,0.9
A2_B3_C1_D2_E1,A2,B3,C1,D2,E1,0,9,279,654,30,50,143.3,0.0,0.6563336445689386,0.7178586990351696,0.7333333333333333,0.4444444444444444,0.2857142857142857,0.6666666666666666,0.9333333333333333,0.6666666666666666,0.9411764705882353
A2_B3_C1_D2_E1,A2,B3,C1,D2,E1,1,0,278,654,31,50,145.6,0.0,0.6510582010582011,0.7084485407066052,0.7419354838709677,0.4,0.4444444444444444,0.5,0.7619047619047619,0.8,1.0
A2_B3_C1_D2_E1,A2,B3,C1,D2,E1,1,1,278,648,31,50,146.56,0.0,0.32037037037037036,0.4383512544802867,0.45161290322580644,0.0,0.2,0.0,0.5,0.2222222222222222,1.0
A2_B3_C1_D2_E1,A2,B3,C1,D2,E1,1,2,278,648,31,50,147.36,0.0,0.3562929445282386,0.45797045038031753,0.4838709677419355,0.3076923076923077,0.0,0.0,0.2222222222222222,0.6666666666666666,0.9411764705882353
A2_B3_C1_D2_E1,A2,B3,C1,D2,E1,1,3,278,652,31,41,122.7,0.0,0.3922027290448343,0.4381060177325033,0.45161290322580644,0.4444444444444444,0.0,0.6666666666666666,0.4,0.0,0.8421052631578947
A2_B3_C1_D2_E1,A2,B3,C1,D2,E1,1,4,278,648,31,18,60.53,0.0,0.20485557327662587,0.22692116410282792,0.3225806451612903,0.4444444444444444,0.0,0.0,0.36363636363636365,0.42105263157894735,0.0
A2_B3_C1_D2_E1,A2,B3,C1,D2,E1,1,5,278,648,31,50,148.22,0.0,0.4236111111111111,0.5340501792114696,0.5483870967741935,0.0,0.4444444444444444,0.2222222222222222,0.75,0.25,0.875
A2_B3_C1_D2_E1,A2,B3,C1,D2,E1,1,6,278,654,31,50,151.13,0.0,0.2919191919191919,0.39550342130987287,0.4838709677419355,0.0,0.18181818181818182,0.0,0.6363636363636364,0.0,0.9333333333333333
A2_B3_C1_D2_E1,A2,B3,C1,D2,E1,1,7,278,652,31,28,91.1,0.0,0.3023204378467536,0.36443414159882753,0.3870967741935484,0.2,0.2222222222222222,0.0,0.5263157894736842,0.25,0.6153846153846154
A2_B3_C1_D2_E1,A2,B3,C1,D2,E1,1,8,278,658,31,50,153.34,0.0,0.4282651072124756,0.6131295981890209,0.5806451612903226,0.2222222222222222,0.4,0.0,0.6666666666666666,0.3333333333333333,0.9473684210526315
A2_B3_C1_D2_E1,A2,B3,C1,D2,E1,1,9,279,654,30,50,145.78,0.0,0.5847222222222223,0.7188888888888889,0.7333333333333333,0.4,0.8,0.5,0.875,0.0,0.9333333333333333
A2_B3_C1_D2_E1,A2,B3,C1,D2,E1,2,0,278,654,31,50,152.94,0.0,0.5212121212121211,0.6758553274682307,0.7096774193548387,0.3333333333333333,0.6666666666666666,0.4,0.7272727272727273,0.0,1.0
A2_B3_C1_D2_E1,A2,B3,C1,D2,E1,2,1,278,648,31,50,149.6,0.0,0.48484848484848486,0.5659824046920822,0.6451612903225806,0.5,0.0,0.0,0.9090909090909091,0.5,1.0
A2_B3_C1_D2_E1,A2,B3,C1,D2,E1,2,2,278,648,31,50,149.13,0.0,0.6592592592592592,0.8025089605734768,0.8064516129032258,0.5,0.6666666666666666,0.0,1.0,0.8888888888888888,0.9
A2_B3_C1_D2_E1,A2,B3,C1,D2,E1,2,3,278,652,31,50,146.03,0.0,0.6763432645785588,0.6979882862235803,0.7096774193548387,0.3333333333333333,0.5454545454545454,0.6666666666666666,1.0,0.5714285714285714,0.9411764705882353
A2_B3_C1_D2_E1,A2,B3,C1,D2,E1,2,4,278,648,31,50,151.96,0.0,0.5888888888888889,0.6150537634408602,0.6451612903225806,0.2,0.5,0.5,1.0,0.3333333333333333,1.0
A2_B3_C1_D2_E1,A2,B3,C1,D2,E1,2,5,278,648,31,31,97.48,0.0,0.19377990430622008,0.2830683747491897,0.3870967741935484,0.0,0.0,0.0,0.5263157894736842,0.0,0.6363636363636364
A2_B3_C1_D2_E1,A2,B3,C1,D2,E1,2,6,278,654,31,50,149.93,0.0,0.23931623931623935,0.3242349048800662,0.3225806451612903,0.0,0.26666666666666666,0.0,0.4,0.0,0.7692307692307693
A2_B3_C1_D2_E1,A2,B3,C1,D2,E1,2,7,278,652,31,50,151.27,0.0,0.39646464646464646,0.48553274682306946,0.5161290322580645,0.0,0.5454545454545454,0.0,0.6,0.4,0.8333333333333334
A2_B3_C1_D2_E1,A2,B3,C1,D2,E1,2,8,278,658,31,50,149.41,0.0,0.4062238930659983,0.5327835718328078,0.5483870967741935,0.0,0.5,0.0,0.42857142857142855,0.6666666666666666,0.8421052631578947
A2_B3_C1_D2_E1,A2,B3,C1,D2,E1,2,9,279,654,30,50,148.08,0.0,0.4222595704948646,0.5137105508870214,0.6,0.0,0.2857142857142857,0.0,0.64,0.6666666666666666,0.9411764705882353
