smooth_mode,aug_mode,seed,fold_idx,n_train,n_train_aug,n_test,epochs_run,fold_time_s,z_scale,macro_f1,weighted_f1,accuracy,f1_anger,f1_disgust,f1_fear,f1_happiness,f1_sadness,f1_surprise
F2,G0,0,0,278,278,31,48,77.44,0.266616,0.8421539961013647,0.8635729107715526,0.8709677419354839,0.75,0.8,0.6666666666666666,0.8888888888888888,1.0,0.9473684210526315
F2,G0,0,1,278,278,31,32,51.75,0.267395,0.678692457639826,0.7343200847445329,0.7419354838709677,0.2222222222222222,0.7692307692307693,0.8,1.0,0.3333333333333333,0.9473684210526315
F2,G0,0,2,278,278,31,48,69.17,0.266618,0.7848484848484848,0.8885630498533724,0.9032258064516129,0.0,0.8,1.0,1.0,0.9090909090909091,1.0
F2,G0,0,3,278,278,31,50,71.96,0.267193,0.7443667443667444,0.7545680126325288,0.7741935483870968,0.36363636363636365,0.7692307692307693,1.0,1.0,0.3333333333333333,1.0
F2,G0,0,4,278,278,31,50,72.43,0.266906,0.9082491582491582,0.8971977842945585,0.9032258064516129,0.7272727272727273,0.8888888888888888,1.0,1.0,0.8333333333333334,1.0
F2,G0,0,5,278,278,31,50,71.19,0.266237,0.8087606837606837,0.8365177832919769,0.8387096774193549,0.75,0.7692307692307693,0.6666666666666666,0.9333333333333333,0.8,0.9333333333333333
F2,G0,0,6,278,278,31,43,65.66,0.267193,0.7417929292929294,0.8789100684261975,0.8709677419354839,0.9090909090909091,0.6666666666666666,1.0,0.875,0.0,1.0
F2,G0,0,7,278,278,31,29,47.81,0.267524,0.762962962962963,0.7921146953405017,0.8064516129032258,0.4444444444444444,0.8,1.0,0.9333333333333333,0.4,1.0
F2,G0,0,8,278,278,31,50,73.82,0.266616,0.8727095516569201,0.8962837200528202,0.9032258064516129,0.4,0.8888888888888888,1.0,1.0,1.0,0.9473684210526315
F2,G0,0,9,279,279,30,44,69.01,0.267994,0.8037518037518038,0.8608946608946609,0.8666666666666667,0.5714285714285714,0.7272727272727273,0.8571428571428571,1.0,0.6666666666666666,1.0
F2,G0,1,0,278,278,31,31,53.05,0.266616,0.7483660130718954,0.7619860847564831,0.7741935483870968,0.5,0.6,0.6666666666666666,0.8235294117647058,1.0,0.9
F2,G0,1,1,278,278,31,22,41.21,0.267395,0.47604617604617605,0.569333891914537,0.6129032258064516,0.0,0.6666666666666666,0.0,0.8,0.5714285714285714,0.8181818181818182
F2,G0,1,2,278,278,31,50,75.37,0.266618,0.7545454545454545,0.8592375366568915,0.8709677419354839,0.0,0.8,1.0,1.0,0.7272727272727273,1.0
F2,G0,1,3,278,278,31,40,63.31,0.267193,0.7222222222222223,0.7311827956989246,0.7419354838709677,0.3333333333333333,0.6666666666666666,1.0,1.0,0.3333333333333333,1.0
F2,G0,1,4,278,278,31,24,43.81,0.266906,0.8090909090909091,0.7853372434017595,0.8064516129032258,0.4,0.7272727272727273,1.0,1.0,0.7272727272727273,1.0
F2,G0,1,5,278,278,31,34,56.01,0.266237,0.6469726352079294,0.7438413578831036,0.7741935483870968,0.0,0.7692307692307693,0.6666666666666666,0.9333333333333333,0.5714285714285714,0.9411764705882353
F2,G0,1,6,278,278,31,43,67.29,0.267193,0.7412698412698413,0.881720430107527,0.8709677419354839,0.8,0.7142857142857143,1.0,0.9333333333333333,0.0,1.0
F2,G0,1,7,278,278,31,50,75.7,0.267524,0.7865740740740742,0.8241039426523297,0.8387096774193549,0.4444444444444444,0.875,1.0,1.0,0.4,1.0
F2,G0,1,8,278,278,31,50,75.92,0.266616,0.8716202270381838,0.8945970238689703,0.9032258064516129,0.4,0.9411764705882353,1.0,0.9411764705882353,1.0,0.9473684210526315
F2,G0,1,9,279,279,30,50,77.04,0.267994,0.8277777777777778,0.8644444444444445,0.8666666666666667,0.5,0.6666666666666666,1.0,1.0,0.8,1.0
F2,G0,2,0,278,278,31,24,44.38,0.266616,0.7433862433862434,0.8300051203277009,0.8387096774193549,0.5714285714285714,0.8333333333333334,0.5,0.8888888888888888,0.6666666666666666,1.0
F2,G0,2,1,278,278,31,50,76.09,0.267395,0.7777777777777777,0.821505376344086,0.8387096774193549,0.4,0.8,0.8,1.0,0.6666666666666666,1.0
F2,G0,2,2,278,278,31,33,54.48,0.266618,0.75,0.8548387096774194,0.8709677419354839,0.0,0.6666666666666666,1.0,1.0,0.8333333333333334,1.0
F2,G0,2,3,278,278,31,31,51.97,0.267193,0.6901960784313724,0.7353573687539532,0.7419354838709677,0.5333333333333333,0.6,0.6666666666666666,1.0,0.4,0.9411764705882353
F2,G0,2,4,278,278,31,45,69.97,0.266906,0.8718855218855218,0.8537960247637667,0.8709677419354839,0.6,0.8888888888888888,1.0,0.9090909090909091,0.8333333333333334,1.0
F2,G0,2,5,278,278,31,50,75.75,0.266237,0.8082611832611833,0.8666596844016199,0.8709677419354839,0.4,0.9090909090909091,0.8571428571428571,0.9333333333333333,0.75,1.0
F2,G0,2,6,278,278,31,50,75.94,0.267193,0.8205128205128206,0.9826302729528535,0.967741935483871,1.0,0.9230769230769231,1.0,1.0,0.0,1.0
F2,G0,2,7,278,278,31,50,76.72,0.267524,0.7470899470899471,0.8022529441884282,0.8064516129032258,0.4444444444444444,0.8,0.6666666666666666,1.0,0.5714285714285714,1.0
F2,G0,2,8,278,278,31,37,58.36,0.266616,0.8338206627680312,0.8952084512356159,0.9032258064516129,0.5,0.8888888888888888,1.0,1.0,0.6666666666666666,0.9473684210526315
F2,G0,2,9,279,279,30,34,54.51,0.267994,0.7790849673202614,0.8154248366013072,0.8333333333333334,0.3333333333333333,0.6,1.0,1.0,0.8,0.9411764705882353
F2,G1,0,0,278,556,31,27,73.16,0.266616,0.8148148148148149,0.8637992831541219,0.8709677419354839,0.6666666666666666,0.8333333333333334,0.5,0.8888888888888888,1.0,1.0
F2,G1,0,1,278,556,31,37,95.14,0.267395,0.7467532467532467,0.7751989945538332,0.7741935483870968,0.4,0.6,1.0,0.9090909090909091,0.5714285714285714,1.0
F2,G1,0,2,278,556,31,50,123.03,0.266618,0.7000000000000001,0.8258064516129032,0.8387096774193549,0.0,0.8,0.8,1.0,0.6,1.0
F2,G1,0,3,278,556,31,39,97.61,0.267193,0.8015873015873015,0.8079877112135176,0.8064516129032258,0.5714285714285714,0.6666666666666666,1.0,1.0,0.5714285714285714,1.0
F2,G1,0,4,278,556,31,50,121.7,0.266906,0.9096866096866097,0.9012958367797077,0.9032258064516129,0.7692307692307693,0.8888888888888888,1.0,1.0,0.8,1.0
F2,G1,0,5,278,556,31,29,76.26,0.266237,0.8333778966131907,0.8656115232016561,0.8709677419354839,0.75,0.9090909090909091,0.6666666666666666,0.9333333333333333,0.8,0.9411764705882353
F2,G1,0,6,278,556,31,47,115.61,0.267193,0.7594516594516594,0.9166596844016198,0.9032258064516129,0.9090909090909091,0.8571428571428571,0.8571428571428571,0.9333333333333333,0.0,1.0
F2,G1,0,7,278,556,31,41,110.88,0.267524,0.8263888888888888,0.8400537634408601,0.8709677419354839,0.3333333333333333,0.875,1.0,1.0,0.75,1.0
F2,G1,0,8,278,556,31,50,123.02,0.266616,0.8727095516569201,0.8962837200528202,0.9032258064516129,0.4,0.8888888888888888,1.0,1.0,1.0,0.9473684210526315
F2,G1,0,9,279,558,30,50,123.61,0.267994,0.8862914862914862,0.9043867243867244,0.9,0.8571428571428571,0.7272727272727273,1.0,0.9333333333333333,0.8,1.0
F2,G1,1,0,278,556,31,50,125.82,0.266616,0.9179017061370002,0.9358880208975084,0.9354838709677419,0.8571428571428571,0.9090909090909091,0.8,0.9411764705882353,1.0,1.0
F2,G1,1,1,278,556,31,38,104.94,0.267395,0.6796296296296296,0.7225806451612903,0.7096774193548387,0.3333333333333333,0.4444444444444444,0.8,1.0,0.5,1.0
F2,G1,1,2,278,556,31,40,107.29,0.266618,0.7000000000000001,0.8258064516129032,0.8387096774193549,0.0,0.8,0.8,1.0,0.6,1.0
F2,G1,1,3,278,556,31,30,78.85,0.267193,0.7111111111111111,0.7075268817204301,0.7419354838709677,0.2,0.6666666666666666,1.0,1.0,0.4,1.0
F2,G1,1,4,278,556,31,18,53.17,0.266906,0.811111111111111,0.789247311827957,0.8064516129032258,0.4,0.6666666666666666,1.0,1.0,0.8,1.0
F2,G1,1,5,278,556,31,50,122.71,0.266237,0.8400793650793651,0.8939324116743471,0.9032258064516129,0.5,1.0,0.8571428571428571,0.9333333333333333,0.75,1.0
F2,G1,1,6,278,556,31,20,56.31,0.267193,0.6303454715219421,0.761850546670281,0.7741935483870968,0.2857142857142857,0.7058823529411765,0.8571428571428571,0.9333333333333333,0.0,1.0
F2,G1,1,7,278,556,31,28,73.42,0.267524,0.6985084632143455,0.7671548354660309,0.7741935483870968,0.4444444444444444,0.8235294117647058,0.6666666666666666,0.9230769230769231,0.3333333333333333,1.0
F2,G1,1,8,278,556,31,50,120.51,0.266616,0.8338206627680312,0.8952084512356159,0.9032258064516129,0.5,0.8888888888888888,1.0,1.0,0.6666666666666666,0.9473684210526315
F2,G1,1,9,279,558,30,50,121.88,0.267994,0.8679738562091504,0.893202614379085,0.9,0.6666666666666666,0.8,1.0,1.0,0.8,0.9411764705882353
F2,G1,2,0,278,556,31,50,121.54,0.266616,0.8457516339869281,0.8643896268184693,0.8709677419354839,0.6666666666666666,0.6666666666666666,0.8,0.9411764705882353,1.0,1.0
F2,G1,2,1,278,556,31,25,66.8,0.267395,0.581679285626654,0.6463888403616757,0.6451612903225806,0.46153846153846156,0.5454545454545454,0.5,0.75,0.2857142857142857,0.9473684210526315
F2,G1,2,2,278,556,31,41,101.13,0.266618,0.6770647653000594,0.8108216893795642,0.8387096774193549,0.0,0.7272727272727273,0.6666666666666666,0.9411764705882353,0.7272727272727273,1.0
F2,G1,2,3,278,556,31,50,120.29,0.267193,0.8311355311355312,0.8394186458702587,0.8387096774193549,0.6153846153846154,0.8,1.0,1.0,0.5714285714285714,1.0
F2,G1,2,4,278,556,31,50,120.5,0.266906,0.9096866096866097,0.9012958367797077,0.9032258064516129,0.7692307692307693,0.8888888888888888,1.0,1.0,0.8,1.0
F2,G1,2,5,278,556,31,35,88.19,0.266237,0.7314814814814815,0.8405017921146954,0.8709677419354839,0.0,1.0,0.8888888888888888,1.0,0.5,1.0
F2,G1,2,6,278,556,31,50,120.88,0.267193,0.7686091686091686,0.915241747499812,0.9032258064516129,0.9090909090909091,0.7692307692307693,1.0,0.9333333333333333,0.0,1.0
F2,G1,2,7,278,556,31,50,120.76,0.267524,0.8291666666666666,0.8588709677419355,0.8709677419354839,0.6,0.875,1.0,1.0,0.5,1.0
F2,G1,2,8,278,556,31,50,120.37,0.266616,0.8610537782364408,0.862107038627562,0.8709677419354839,0.5,0.7777777777777778,1.0,0.9411764705882353,1.0,0.9473684210526315
F2,G1,2,9,279,558,30,44,107.4,0.267994,0.8679738562091504,0.893202614379085,0.9,0.6666666666666666,0.8,1.0,1.0,0.8,0.9411764705882353
F2,G2,0,0,278,654,31,37,105.83,0.266616,0.7587145969498911,0.7948555766392578,0.8064516129032258,0.4444444444444444,0.5,1.0,0.9411764705882353,0.6666666666666666,1.0
F2,G2,0,1,278,648,31,23,70.35,0.267395,0.6379517168990853,0.7034957119846763,0.7096774193548387,0.2222222222222222,0.7692307692307693,0.6666666666666666,0.8888888888888888,0.3333333333333333,0.9473684210526315
F2,G2,0,2,278,648,31,41,115.52,0.266618,0.8471380471380471,0.9036819811013359,0.9032258064516129,0.6666666666666666,0.8888888888888888,0.8,1.0,0.7272727272727273,1.0
F2,G2,0,3,278,652,31,22,67.66,0.267193,0.7857142857142857,0.792626728110599,0.8064516129032258,0.5,0.7142857142857143,1.0,1.0,0.5,1.0
F2,G2,0,4,278,648,31,50,139.11,0.266906,0.9096866096866097,0.9012958367797077,0.9032258064516129,0.7692307692307693,0.8888888888888888,1.0,1.0,0.8,1.0
F2,G2,0,5,278,648,31,43,120.58,0.266237,0.6964590964590965,0.7682382133995037,0.7741935483870968,0.5714285714285714,0.7692307692307693,0.5714285714285714,0.9333333333333333,0.4,0.9333333333333333
F2,G2,0,6,278,654,31,26,78.37,0.267193,0.592436974789916,0.7104906478720521,0.7419354838709677,0.2857142857142857,0.5882352941176471,0.8571428571428571,0.8235294117647058,0.0,1.0
F2,G2,0,7,278,652,31,32,93.26,0.267524,0.8115842490842491,0.8322846508330379,0.8387096774193549,0.5,0.875,1.0,0.9230769230769231,0.5714285714285714,1.0
F2,G2,0,8,278,658,31,47,136.96,0.266616,0.8727095516569201,0.8962837200528202,0.9032258064516129,0.4,0.8888888888888888,1.0,1.0,1.0,0.9473684210526315
F2,G2,0,9,279,654,30,47,134.81,0.267994,0.895959595959596,0.927070707070707,0.9333333333333333,0.6666666666666666,0.9090909090909091,1.0,1.0,0.8,1.0
F2,G2,1,0,278,654,31,50,139.92,0.266616,0.8591871091871092,0.9030396127170319,0.9032258064516129,0.8571428571428571,0.9090909090909091,0.5,0.8888888888888888,1.0,1.0
F2,G2,1,1,278,648,31,30,90.96,0.267395,0.6687830687830688,0.7187916026625705,0.7096774193548387,0.3333333333333333,0.6,0.8571428571428571,0.8888888888888888,0.3333333333333333,1.0
F2,G2,1,2,278,648,31,46,132.89,0.266618,0.7000000000000001,0.8258064516129032,0.8387096774193549,0.0,0.8,0.8,1.0,0.6,1.0
F2,G2,1,3,278,652,31,29,87.48,0.267193,0.7079365079365081,0.7087557603686636,0.7419354838709677,0.2,0.7142857142857143,1.0,1.0,0.3333333333333333,1.0
F2,G2,1,4,278,648,31,50,141.72,0.266906,0.9686609686609686,0.9682933553901296,0.967741935483871,0.9230769230769231,0.8888888888888888,1.0,1.0,1.0,1.0
F2,G2,1,5,278,648,31,25,77.69,0.266237,0.7373015873015873,0.775268817204301,0.7741935483870968,0.5,0.6666666666666666,0.6666666666666666,0.8571428571428571,0.8,0.9333333333333333
F2,G2,1,6,278,654,31,50,142.69,0.267193,0.8205128205128206,0.9826302729528535,0.967741935483871,1.0,0.9230769230769231,1.0,1.0,0.0,1.0
F2,G2,1,7,278,652,31,43,128.31,0.267524,0.7678571428571429,0.7983870967741935,0.8064516129032258,0.25,0.8571428571428571,1.0,1.0,0.5,1.0
F2,G2,1,8,278,658,31,28,88.17,0.266616,0.6328947368421052,0.7749575551782683,0.7419354838709677,0.25,0.6666666666666666,0.5,0.9333333333333333,0.5,0.9473684210526315
F2,G2,1,9,279,654,30,38,111.67,0.267994,0.8679738562091504,0.893202614379085,0.9,0.6666666666666666,0.8,1.0,1.0,0.8,0.9411764705882353
F2,G2,2,0,278,654,31,50,144.63,0.266616,0.9064241486068112,0.8985718565864376,0.9032258064516129,0.75,0.8,1.0,0.9411764705882353,1.0,0.9473684210526315
F2,G2,2,1,278,648,31,28,88.37,0.267395,0.6857142857142858,0.7474654377880184,0.7741935483870968,0.2857142857142857,0.8571428571428571,0.5,1.0,0.5714285714285714,0.9
F2,G2,2,2,278,648,31,40,120.29,0.266618,0.895959595959596,0.9315738025415443,0.9354838709677419,0.6666666666666666,0.8,1.0,1.0,0.9090909090909091,1.0
F2,G2,2,3,278,652,31,35,105.41,0.267193,0.7536907536907537,0.7699075118429957,0.7741935483870968,0.46153846153846156,0.7272727272727273,1.0,1.0,0.3333333333333333,1.0
F2,G2,2,4,278,648,31,35,105.76,0.266906,0.9082491582491582,0.8971977842945585,0.9032258064516129,0.7272727272727273,0.8888888888888888,1.0,1.0,0.8333333333333334,1.0
F2,G2,2,5,278,648,31,18,60.96,0.266237,0.4199579831932773,0.490119273515858,0.5161290322580645,0.0,0.5,0.42857142857142855,0.25,0.4,0.9411764705882353
F2,G2,2,6,278,654,31,45,132.4,0.267193,0.7686091686091686,0.915241747499812,0.9032258064516129,0.9090909090909091,0.7692307692307693,1.0,0.9333333333333333,0.0,1.0
F2,G2,2,7,278,652,31,26,81.42,0.267524,0.6972222222222223,0.7381720430107527,0.7419354838709677,0.4,0.75,0.8,0.8333333333333334,0.4,1.0
F2,G2,2,8,278,658,31,46,135.73,0.266616,0.8988844660671287,0.9091628501995025,0.9032258064516129,0.5714285714285714,0.9333333333333333,1.0,0.9411764705882353,1.0,0.9473684210526315
F2,G2,2,9,279,654,30,50,144.55,0.267994,0.9166666666666666,0.9277777777777778,0.9333333333333333,0.6666666666666666,0.8333333333333334,1.0,1.0,1.0,1.0
F2,G3,0,0,278,834,31,27,103.95,0.266616,0.7303921568627452,0.7741935483870968,0.7741935483870968,0.5,0.5,1.0,0.9411764705882353,0.5,0.9411764705882353
F2,G3,0,1,278,834,31,41,149.41,0.267395,0.7967532467532467,0.8354140483172742,0.8387096774193549,0.5714285714285714,0.8333333333333334,0.8,0.9090909090909091,0.6666666666666666,1.0
F2,G3,0,2,278,834,31,40,146.79,0.266618,0.898148148148148,0.9336917562724015,0.9354838709677419,0.6666666666666666,0.8888888888888888,1.0,1.0,0.8333333333333334,1.0
F2,G3,0,3,278,834,31,50,180.34,0.267193,0.8638888888888889,0.8586021505376344,0.8709677419354839,0.6,0.8333333333333334,1.0,1.0,0.75,1.0
F2,G3,0,4,278,834,31,35,130.0,0.266906,0.9444444444444445,0.9354838709677421,0.9354838709677419,0.8333333333333334,1.0,1.0,1.0,0.8333333333333334,1.0
F2,G3,0,5,278,834,31,17,70.42,0.266237,0.6052754435107377,0.6944971537001898,0.7419354838709677,0.4,0.8333333333333334,0.0,0.8571428571428571,0.6,0.9411764705882353
F2,G3,0,6,278,834,31,50,179.63,0.267193,0.8070707070707069,0.9673509286412513,0.967741935483871,0.9090909090909091,0.9333333333333333,1.0,1.0,0.0,1.0
F2,G3,0,7,278,834,31,17,70.14,0.267524,0.7199074074074074,0.7875448028673836,0.8064516129032258,0.4444444444444444,0.875,0.6666666666666666,1.0,0.4,0.9333333333333333
F2,G3,0,8,278,834,31,50,180.27,0.266616,0.676631120284371,0.8184848585727443,0.8387096774193549,0.4,0.8235294117647058,1.0,0.8888888888888888,0.0,0.9473684210526315
F2,G3,0,9,279,837,30,24,93.51,0.267994,0.666056166056166,0.7374847374847374,0.7333333333333333,0.2857142857142857,0.6153846153846154,0.5714285714285714,1.0,0.6666666666666666,0.8571428571428571
F2,G3,1,0,278,834,31,50,180.69,0.266616,0.6607744107744108,0.8139459107201042,0.8387096774193549,0.6666666666666666,0.9090909090909091,0.5,0.8888888888888888,0.0,1.0
F2,G3,1,1,278,834,31,50,179.66,0.267395,0.8123015873015874,0.8399385560675883,0.8387096774193549,0.6666666666666666,0.8,0.8571428571428571,0.8,0.75,1.0
F2,G3,1,2,278,834,31,38,139.79,0.266618,0.6790849673202614,0.8127767235926628,0.8064516129032258,0.0,0.8,0.6666666666666666,0.9411764705882353,0.6666666666666666,1.0
F2,G3,1,3,278,834,31,38,139.69,0.267193,0.8578643578643579,0.8685937718195783,0.8709677419354839,0.6666666666666666,0.9090909090909091,1.0,1.0,0.5714285714285714,1.0
F2,G3,1,4,278,834,31,50,179.23,0.266906,0.8763532763532763,0.8581196581196582,0.8709677419354839,0.6,0.8888888888888888,1.0,1.0,0.7692307692307693,1.0
F2,G3,1,5,278,834,31,50,180.02,0.266237,0.7673881673881673,0.8429269655076107,0.8387096774193549,0.3333333333333333,0.9090909090909091,0.8571428571428571,0.9333333333333333,0.5714285714285714,1.0
F2,G3,1,6,278,834,31,25,96.41,0.267193,0.6925925925925926,0.8265232974910395,0.8064516129032258,0.8,0.6666666666666666,0.8888888888888888,0.8,0.0,1.0
F2,G3,1,7,278,834,31,38,140.02,0.267524,0.7569444444444443,0.8276881720430108,0.8387096774193549,0.6,0.875,0.6666666666666666,1.0,0.4,1.0
F2,G3,1,8,278,834,31,38,139.32,0.266616,0.9258685930512556,0.9355837411365225,0.9354838709677419,0.6666666666666666,0.9411764705882353,1.0,1.0,1.0,0.9473684210526315
F2,G3,1,9,279,837,30,50,185.9,0.267994,0.961038961038961,0.9658008658008658,0.9666666666666667,0.8571428571428571,0.9090909090909091,1.0,1.0,1.0,1.0
F2,G3,2,0,278,834,31,32,124.76,0.266616,0.9107744107744108,0.9322254806125773,0.9354838709677419,1.0,0.9090909090909091,0.6666666666666666,0.8888888888888888,1.0,1.0
F2,G3,2,1,278,834,31,45,170.08,0.267395,0.7967532467532467,0.8354140483172742,0.8387096774193549,0.5714285714285714,0.8333333333333334,0.8,0.9090909090909091,0.6666666666666666,1.0
F2,G3,2,2,278,834,31,44,163.37,0.266618,0.7333333333333334,0.8580645161290323,0.8709677419354839,0.0,0.8,0.8,1.0,0.8,1.0
F2,G3,2,3,278,834,31,39,148.12,0.267193,0.7777777777777778,0.7956989247311829,0.8064516129032258,0.5,0.8333333333333334,1.0,1.0,0.3333333333333333,1.0
F2,G3,2,4,278,834,31,18,76.36,0.266906,0.7851851851851851,0.8021505376344086,0.8064516129032258,0.6,0.8888888888888888,0.6666666666666666,0.8888888888888888,0.6666666666666666,1.0
F2,G3,2,5,278,834,31,50,185.42,0.266237,0.7626262626262627,0.8340175953079177,0.8387096774193549,0.4,0.9090909090909091,0.6666666666666666,0.9333333333333333,0.6666666666666666,1.0
F2,G3,2,6,278,834,31,50,189.01,0.267193,0.7943722943722943,0.9501466275659823,0.9354838709677419,0.9090909090909091,0.8571428571428571,1.0,1.0,0.0,1.0
F2,G3,2,7,278,834,31,41,153.7,0.267524,0.7886904761904762,0.8150921658986177,0.8387096774193549,0.2857142857142857,0.875,1.0,1.0,0.5714285714285714,1.0
F2,G3,2,8,278,834,31,50,181.03,0.266616,0.8541910331384016,0.8676098849273722,0.8709677419354839,0.4,0.7777777777777778,1.0,1.0,1.0,0.9473684210526315
F2,G3,2,9,279,837,30,50,175.45,0.267994,0.8679738562091504,0.893202614379085,0.9,0.6666666666666666,0.8,1.0,1.0,0.8,0.9411764705882353
