seed,fold_idx,sample_idx,subject,session,emotion_name,y_true,y_pred,correct,proba_anger,proba_disgust,proba_fear,proba_happiness,proba_sadness,proba_surprise
3,0,4,S011,001,surprise,5,5,1,2.558864616730716e-05,3.98464071622584e-05,0.0006161181954666972,0.000401080003939569,0.0001282351731788367,0.9987891316413879
3,0,5,S011,002,sadness,4,4,1,0.39213621616363525,0.051240306347608566,0.0020410120487213135,0.0003139254404231906,0.5509697794914246,0.003298749914392829
3,0,6,S011,003,fear,2,2,1,0.01270495168864727,0.005051042884588242,0.9225903153419495,0.01952877640724182,0.01861042156815529,0.021514473482966423
3,0,7,S011,004,anger,0,0,1,0.6768971085548401,0.2923257052898407,8.768457337282598e-05,0.0003072813560720533,0.03029860369861126,8.35139217087999e-05
3,0,8,S011,005,disgust,1,1,1,0.0020873418543487787,0.9901195764541626,6.421936996048316e-05,0.006871480960398912,3.512037801556289e-05,0.000822253234218806
3,0,9,S011,006,happiness,3,3,1,0.0005831227172166109,0.009838235564529896,0.00023622089065611362,0.9892569184303284,7.836333679733798e-06,7.767743227304891e-05
3,0,72,S057,001,surprise,5,5,1,0.040864307433366776,0.012801972217857838,0.05409924313426018,0.009735201485455036,0.06951385736465454,0.8129854202270508
3,0,73,S057,003,disgust,1,0,0,0.6578431725502014,0.3221466541290283,0.00025397000717930496,0.0009867058834061027,0.01827632263302803,0.0004931823932565749
3,0,74,S057,006,happiness,3,3,1,0.0016851212130859494,0.0010134866461157799,0.0018623496871441603,0.9952499866485596,9.266430424759164e-05,9.634569869376719e-05
3,0,78,S059,001,surprise,5,5,1,7.496323814848438e-05,8.345639798790216e-05,0.0016775298863649368,0.0005927663296461105,0.00032971592736430466,0.9972414970397949
3,0,79,S059,002,fear,2,3,0,0.002994401613250375,0.0010869917459785938,0.1279629021883011,0.8664878010749817,0.0005550475907512009,0.0009127724915742874
3,0,103,S067,002,surprise,5,5,1,3.8395181036321446e-05,2.7935193429584615e-05,0.00028773630037903786,0.0001155502104666084,0.0001327878562733531,0.9993975162506104
3,0,104,S067,004,anger,0,5,0,0.1697937250137329,0.054105788469314575,0.1361338347196579,0.012973352335393429,0.19115197658538818,0.43584126234054565
3,0,105,S067,005,happiness,3,3,1,0.002172627951949835,0.0322284996509552,0.007762470282614231,0.951955258846283,0.00023233315732795745,0.005648731254041195
3,0,106,S067,006,disgust,1,1,1,0.09523569792509079,0.9007344841957092,9.977688023354858e-05,0.0003832405782304704,0.0030777673237025738,0.0004690978676080704
3,0,137,S077,001,surprise,5,5,1,2.2398198780138046e-05,4.124608312849887e-05,0.0002118329721270129,0.00027384221903048456,6.595758895855397e-05,0.9993846416473389
3,0,138,S077,006,disgust,1,0,0,0.552126407623291,0.4258430302143097,0.00012839648115914315,0.0003456164849922061,0.0211570356041193,0.000399458542233333
3,0,157,S085,002,happiness,3,3,1,0.0002424805861664936,0.0003045445482712239,0.0016916923923417926,0.9977003931999207,1.3338086318981368e-05,4.75999950140249e-05
3,0,158,S085,003,surprise,5,5,1,5.036903075961163e-06,8.034712664084509e-06,0.00010486054816283286,6.855942046968266e-05,2.154166213585995e-05,0.9997919201850891
3,0,159,S085,004,disgust,1,1,1,0.0162945669144392,0.7419385313987732,0.0005757952458225191,0.2405252307653427,0.00016151240561157465,0.0005043208948336542
3,0,168,S089,001,surprise,5,5,1,0.00020317423332016915,0.0007443934446200728,0.00041508497088216245,0.0006887265481054783,0.00022799747239332646,0.9977205395698547
3,0,169,S089,002,happiness,3,3,1,7.806860230630264e-05,0.00017396955809090286,0.0032676381524652243,0.9963410496711731,1.2576992048707325e-05,0.00012666879047174007
3,0,170,S089,003,anger,0,0,1,0.6209287643432617,0.36656612157821655,5.603041427093558e-05,0.00022691322374157608,0.011085329577326775,0.0011367659317329526
3,0,206,S106,002,sadness,4,4,1,0.4022817611694336,0.029915494844317436,0.00028089917032048106,6.236547778826207e-05,0.5670703649520874,0.0003891903324984014
3,0,207,S106,004,disgust,1,0,0,0.5139614939689636,0.4710908532142639,0.00010246758756693453,0.00037139272899366915,0.014203906059265137,0.00026985121075995266
3,0,208,S106,006,happiness,3,3,1,0.002277338644489646,0.002340726787224412,0.003869997337460518,0.9911880493164062,0.00013609703455585986,0.00018767711299005896
3,0,251,S127,001,surprise,5,5,1,1.799096389731858e-05,7.984941476024687e-06,0.0009124819189310074,0.00010628197196638212,0.00015040567086543888,0.9988049268722534
3,0,252,S127,004,happiness,3,3,1,0.002994869602844119,0.006424823775887489,0.01029949076473713,0.9787386059761047,0.0002662288898136467,0.001275985618121922
3,0,253,S127,010,anger,0,0,1,0.7501945495605469,0.0675777792930603,0.0005549915367737412,0.00017776731692720205,0.1739783138036728,0.007516547106206417
3,0,280,S135,001,surprise,5,5,1,0.0003379939589649439,0.00014155961980577558,0.0005414568004198372,0.00029199017444625497,0.0007642051787115633,0.9979228377342224
3,0,281,S135,012,happiness,3,3,1,0.004170131869614124,0.005880624055862427,0.005410847254097462,0.982499361038208,0.00035323589690960944,0.0016857994487509131
3,1,69,S056,002,disgust,1,1,1,0.19454960525035858,0.6474519371986389,0.00313495728187263,0.12714265286922455,0.009701642207801342,0.01801919750869274
3,1,70,S056,003,surprise,5,5,1,9.132011473411694e-05,0.00013486073294188827,8.439819794148207e-05,0.00144867948256433,4.316763443057425e-05,0.998197615146637
3,1,71,S056,004,happiness,3,3,1,0.0007177088991738856,0.0005850089946761727,0.0015234944876283407,0.9936052560806274,0.0013687150785699487,0.00219988776370883
3,1,95,S065,002,fear,2,4,0,0.12681637704372406,0.02606757916510105,0.057199932634830475,0.004250442609190941,0.4431902766227722,0.34247535467147827
3,1,96,S065,003,surprise,5,5,1,5.831497037434019e-05,8.429530134890229e-05,1.2310272722970694e-05,3.685167757794261e-05,1.1216191523999441e-05,0.9997970461845398
3,1,97,S065,004,happiness,3,3,1,0.017903203144669533,0.14625880122184753,0.003556221490725875,0.8186911344528198,0.003923450130969286,0.009667200036346912
3,1,98,S065,005,disgust,1,1,1,0.26645627617836,0.724503755569458,0.00012626725947484374,0.001178526203148067,0.004721528384834528,0.0030137402936816216
3,1,124,S073,001,surprise,5,5,1,5.28810232935939e-05,8.043945854296908e-05,3.455796104390174e-05,0.00011422354873502627,1.1241037100262474e-05,0.9997066855430603
3,1,125,S073,006,disgust,1,1,1,0.08830077201128006,0.8966715335845947,0.000449758575996384,0.002066819928586483,0.003397286171093583,0.009113841690123081
3,1,148,S081,001,surprise,5,5,1,8.170519868144765e-05,4.884012014372274e-05,3.408413249417208e-05,0.0004988702712580562,3.370898775756359e-05,0.9993027448654175
3,1,149,S081,002,sadness,4,0,0,0.789474368095398,0.05536641180515289,0.003004604484885931,0.005680163856595755,0.10225756466388702,0.0442168265581131
3,1,150,S081,008,disgust,1,1,1,0.1950274258852005,0.7987157702445984,3.4445762139512226e-05,0.00047605764120817184,0.002673153765499592,0.0030731521546840668
3,1,155,S084,001,surprise,5,5,1,2.2344669559970498e-05,6.301302346400917e-05,3.0225605769373942e-06,2.7137955839862116e-05,4.091548817086732e-06,0.9998804330825806
3,1,156,S084,002,fear,2,3,0,0.006030077580362558,0.0039878240786492825,0.37864264845848083,0.5844824910163879,0.005228827241808176,0.021628139540553093
3,1,211,S108,005,sadness,4,0,0,0.8980579972267151,0.053428538143634796,0.00028227310394868255,0.0015412101056426764,0.03921936824917793,0.007470563519746065
3,1,212,S108,006,disgust,1,1,1,0.24129652976989746,0.7154918313026428,0.0003701421956066042,0.004713802598416805,0.00626065069809556,0.03186706081032753
3,1,213,S108,008,happiness,3,3,1,0.004065374843776226,0.016236906871199608,0.001505840104073286,0.9709028005599976,0.0018226915271952748,0.005466397851705551
3,1,236,S119,001,surprise,5,5,1,8.229599188780412e-05,0.0001684235903667286,1.5276093108695932e-05,6.474553811131045e-05,1.502854865975678e-05,0.9996542930603027
3,1,237,S119,003,fear,2,2,1,0.002429442247375846,0.0019307861803099513,0.6145952939987183,0.006838357541710138,0.00351432035677135,0.37069177627563477
3,1,238,S119,008,anger,0,1,0,0.2771397829055786,0.7132147550582886,7.446108793374151e-05,0.0004097523051314056,0.007752078585326672,0.001409205375239253
3,1,249,S126,004,surprise,5,5,1,0.0008338149054907262,0.0012929820222780108,5.298738324199803e-05,0.0006599507760256529,0.000214583778870292,0.9969456791877747
3,1,250,S126,008,anger,0,0,1,0.7925843596458435,0.16416549682617188,0.0005548541084863245,0.005132007412612438,0.018170099705457687,0.01939317025244236
3,1,260,S130,001,surprise,5,5,1,0.0001214414878631942,0.00018460433057043701,2.1254707462503575e-05,0.0003012024099007249,3.6936959077138454e-05,0.9993345141410828
3,1,261,S130,007,anger,0,1,0,0.3307671844959259,0.634640097618103,0.00033806482679210603,0.002965301740914583,0.009123359806835651,0.022165954113006592
3,1,262,S130,009,sadness,4,0,0,0.6523986458778381,0.275858074426651,0.00036046409513801336,0.001800619880668819,0.03144792094826698,0.03813439607620239
3,1,263,S130,012,disgust,1,1,1,0.11365088820457458,0.8502025008201599,0.0005085265729576349,0.007421462330967188,0.003191330237314105,0.025025323033332825
3,1,264,S130,013,happiness,3,3,1,0.007448846474289894,0.027085913345217705,0.002217697212472558,0.9557433128356934,0.002302078530192375,0.005202161613851786
3,1,282,S136,001,surprise,5,5,1,1.2638426596822683e-05,3.2956777431536466e-05,1.1023400475096423e-05,7.691718201385811e-05,3.0289818369055865e-06,0.9998635053634644
3,1,283,S136,003,sadness,4,4,1,0.0345650352537632,0.004610762931406498,0.006754153408110142,0.000197291185031645,0.9403297305107117,0.013543019071221352
3,1,284,S136,005,anger,0,4,0,0.3191174864768982,0.0685264840722084,0.0045920852571725845,0.0009290215675719082,0.5664977431297302,0.04033723846077919
3,1,285,S136,006,happiness,3,3,1,0.0018508278299123049,0.0034754108637571335,0.1223623976111412,0.8260795474052429,0.001371139893308282,0.04486072435975075
3,2,10,S014,001,surprise,5,5,1,0.00017018438666127622,3.0467801479971968e-05,0.01342085376381874,0.0007481140200980008,0.0021981268655508757,0.9834322333335876
3,2,11,S014,002,sadness,4,4,1,0.2520502209663391,0.010284321382641792,0.0006785962614230812,9.370181214762852e-05,0.7367938160896301,9.936338028637692e-05
3,2,12,S014,003,anger,0,4,0,0.4575955867767334,0.030034594237804413,0.00842729676514864,0.0006827155011706054,0.5030350685119629,0.00022473295393865556
3,2,13,S014,005,happiness,3,3,1,0.0009477398707531393,0.00797687005251646,0.0005570919602178037,0.9901115298271179,0.0001878114853752777,0.00021893320081289858
3,2,31,S035,001,surprise,5,5,1,0.00021711757290177047,0.000140279924380593,0.004634052515029907,0.00010785526683321223,0.001018415903672576,0.9938822984695435
3,2,32,S035,005,disgust,1,1,1,0.17824813723564148,0.8090617060661316,0.0004524036485236138,0.005792522802948952,0.005622179247438908,0.0008231567335315049
3,2,33,S035,006,happiness,3,3,1,0.0005878764786757529,0.0017987648025155067,0.001345191732980311,0.9951796531677246,0.0003254732582718134,0.0007630335167050362
3,2,46,S046,001,sadness,4,4,1,0.010066403076052666,0.0005079498514533043,0.005224304273724556,8.555883687222376e-05,0.9839379191398621,0.0001778594742063433
3,2,47,S046,002,surprise,5,5,1,0.0003952613042201847,0.00029942154651507735,0.007571262773126364,0.000380648736609146,0.0014389411080628633,0.9899144172668457
3,2,48,S046,003,fear,2,2,1,0.0003741904511116445,0.00026402625371702015,0.9920598268508911,0.005221659317612648,0.0018432558281347156,0.00023703188344370574
3,2,49,S046,004,disgust,1,4,0,0.3043002188205719,0.08085150271654129,0.004231150262057781,0.001553584705106914,0.6064294576644897,0.002634009812027216
3,2,160,S086,001,surprise,5,5,1,3.162957727909088e-05,1.0008320714405272e-05,0.0029001689981669188,4.972652823198587e-05,0.0002839268126990646,0.996724545955658
3,2,161,S086,002,happiness,3,3,1,0.000287705915980041,0.0017748085083439946,0.0012302746763452888,0.996056079864502,0.00017251845565624535,0.0004786415083799511
3,2,179,S093,001,sadness,4,0,0,0.558308482170105,0.037735093384981155,0.00027751640300266445,5.332615546649322e-05,0.4029152989387512,0.0007102862000465393
3,2,180,S093,004,happiness,3,3,1,0.00033871474443003535,0.0027219702024012804,0.0021482715383172035,0.9938003420829773,0.0002895552315749228,0.000701212091371417
3,2,187,S096,001,surprise,5,5,1,0.0008326791576109827,0.002818782115355134,0.005361327435821295,0.0005292606074362993,0.0010227692546322942,0.9894352555274963
3,2,188,S096,003,disgust,1,1,1,0.025097621604800224,0.973760187625885,2.276143459312152e-05,0.0006144298822619021,0.0003913379623554647,0.00011378037015674636
3,2,189,S096,004,happiness,3,3,1,0.0004385137290228158,0.006877243518829346,0.001125594601035118,0.9903533458709717,0.00018482959421817213,0.001020487048663199
3,2,218,S111,001,surprise,5,5,1,4.2018153180833906e-05,1.6083757145679556e-05,0.004072566516697407,5.000907913199626e-05,0.0003010447835549712,0.9955182671546936
3,2,219,S111,006,anger,0,1,0,0.36714816093444824,0.6046940088272095,0.009121059440076351,0.005632149521261454,0.011953422799706459,0.0014511492336168885
3,2,220,S111,007,disgust,1,1,1,0.0665467232465744,0.9280649423599243,0.0002676072181202471,0.002285725437104702,0.0020491923205554485,0.000785808835644275
3,2,225,S114,001,surprise,5,5,1,0.0002519908011890948,9.431945363758132e-05,0.005407856311649084,9.086811769520864e-05,0.0013657836243510246,0.9927892088890076
3,2,226,S114,006,happiness,3,3,1,6.464582111220807e-05,0.0003167430986650288,0.00019123915990348905,0.9991803765296936,5.5605913075851277e-05,0.00019133930618409067
3,2,227,S115,001,surprise,5,5,1,0.00012822161079384387,0.00017187737103085965,0.0035027540288865566,0.0003246112901251763,0.0004989458248019218,0.995373547077179
3,2,228,S115,004,sadness,4,4,1,0.20785745978355408,0.006955838296562433,0.010879329405725002,0.0002691858680918813,0.772857666015625,0.0011804855894297361
3,2,229,S115,008,happiness,3,3,1,4.6803237637504935e-05,0.001071191276423633,0.0001467699185013771,0.9982016086578369,5.106971730128862e-05,0.00048256549052894115
3,2,244,S125,001,sadness,4,0,0,0.3225398361682892,0.23140718042850494,0.16309508681297302,0.013797254301607609,0.264605313539505,0.004555310122668743
3,2,245,S125,005,happiness,3,3,1,2.693215174076613e-05,0.0008163227466866374,0.00011148203338962048,0.9987679123878479,3.9646332879783586e-05,0.0002377868368057534
3,2,246,S125,006,fear,2,3,0,0.0017101031262427568,0.001370529062114656,0.4348422884941101,0.5585029721260071,0.002468265127390623,0.0011057998053729534
3,2,247,S125,007,surprise,5,5,1,0.0003799610130954534,0.0002543841546867043,0.012149480171501637,0.0008115968084894121,0.0015742393443360925,0.984830379486084
3,2,248,S125,008,disgust,1,1,1,0.09694521129131317,0.8939664959907532,0.0004935423494316638,0.004485801327973604,0.0032070977613329887,0.0009018775308504701
3,3,17,S026,001,surprise,5,5,1,0.09520111232995987,0.061990153044462204,0.168939471244812,0.04235830530524254,0.15019680559635162,0.48131421208381653
3,3,18,S026,002,sadness,4,4,1,0.2757780849933624,0.23370876908302307,0.011867020279169083,0.007947627454996109,0.46474170684814453,0.005956896580755711
3,3,19,S026,003,anger,0,1,0,0.14972011744976044,0.7893734574317932,0.0038024871610105038,0.035121358931064606,0.017855316400527954,0.004127200692892075
3,3,20,S026,006,happiness,3,3,1,0.007596015930175781,0.04306124150753021,0.036984190344810486,0.9108433127403259,0.0005149045609869063,0.0010003078496083617
3,3,37,S042,001,surprise,5,5,1,0.03815634548664093,0.020959289744496346,0.06162255257368088,0.012781561352312565,0.06164620816707611,0.8048340082168579
3,3,38,S042,002,sadness,4,4,1,0.19046331942081451,0.15277481079101562,0.023798879235982895,0.00945319700986147,0.6143079400062561,0.009201902896165848
3,3,39,S042,004,anger,0,1,0,0.20344756543636322,0.47884026169776917,0.03885126858949661,0.0342218354344368,0.23128299415111542,0.013356124982237816
3,3,40,S042,006,happiness,3,3,1,0.004796386696398258,0.018978239968419075,0.23563259840011597,0.7358167767524719,0.001499141100794077,0.0032769290264695883
3,3,41,S044,001,surprise,5,5,1,0.021796349436044693,0.012942814268171787,0.037306055426597595,0.007535820361226797,0.03043363243341446,0.8899853229522705
3,3,42,S044,003,happiness,3,3,1,0.01516847126185894,0.0740768238902092,0.20472289621829987,0.6953307390213013,0.004756939597427845,0.005944053642451763
3,3,43,S044,006,disgust,1,1,1,0.20951806008815765,0.5009236335754395,0.023936767131090164,0.019272463396191597,0.23672863841056824,0.009620524942874908
3,3,64,S055,001,surprise,5,5,1,0.0013037699973210692,0.0021344267297536135,0.24794073402881622,0.008351524360477924,0.0025120496284216642,0.7377575039863586
3,3,65,S055,003,disgust,1,1,1,0.1726425439119339,0.5524446964263916,0.04828481748700142,0.04703201353549957,0.16768322885036469,0.011912775225937366
3,3,66,S055,004,anger,0,1,0,0.22807805240154266,0.5277156829833984,0.022033026441931725,0.03442898765206337,0.1786515712738037,0.009092623367905617
3,3,67,S055,005,happiness,3,3,1,0.002498363610357046,0.00733968848362565,0.14292007684707642,0.8459979891777039,0.0004996395437046885,0.0007441526977345347
3,3,68,S055,006,fear,2,2,1,0.020391207188367844,0.035384051501750946,0.5446741580963135,0.3699190020561218,0.019560640677809715,0.010070990771055222
3,3,166,S088,001,surprise,5,5,1,0.11878160387277603,0.10271906107664108,0.13605180382728577,0.09998495876789093,0.08941978961229324,0.45304277539253235
3,3,167,S088,004,disgust,1,1,1,0.05154711380600929,0.6541638374328613,0.010363367386162281,0.2790849506855011,0.0018944181501865387,0.002946260618045926
3,3,190,S097,001,surprise,5,5,1,0.0015437230467796326,0.0021567533258348703,0.12551705539226532,0.012079503387212753,0.0021631389390677214,0.856539785861969
3,3,191,S097,004,disgust,1,1,1,0.17207857966423035,0.6614390015602112,0.007947659119963646,0.13042743504047394,0.01909371092915535,0.009013586677610874
3,3,192,S097,006,happiness,3,3,1,0.008425965905189514,0.013059547170996666,0.03039960376918316,0.9458983540534973,0.0008443919359706342,0.0013720920542255044
3,3,214,S109,003,anger,0,1,0,0.09190477430820465,0.4899479150772095,0.04888007044792175,0.3454305827617645,0.02109137549996376,0.002745309378951788
3,3,215,S109,005,disgust,1,1,1,0.09556704759597778,0.7247005105018616,0.03575362265110016,0.1021805852651596,0.037007901817560196,0.004790361505001783
3,3,216,S109,006,happiness,3,3,1,0.0015649482375010848,0.00643312418833375,0.13739311695098877,0.8536627292633057,0.00026749857352115214,0.0006786188459955156
3,3,221,S112,005,anger,0,4,0,0.16107092797756195,0.0891616940498352,0.01892082765698433,0.007717502769082785,0.7175155878067017,0.005613424815237522
3,3,222,S113,001,surprise,5,5,1,0.12418001145124435,0.08524414151906967,0.10539022088050842,0.06208224594593048,0.11153455823659897,0.5115688443183899
3,3,223,S113,003,sadness,4,4,1,0.1581466943025589,0.06327715516090393,0.011082165874540806,0.003627227619290352,0.759483277797699,0.004383505322039127
3,3,224,S113,008,anger,0,1,0,0.25020599365234375,0.6339672803878784,0.007063461001962423,0.05327790975570679,0.04439155384898186,0.011093784123659134
3,3,239,S122,001,surprise,5,5,1,0.022829482331871986,0.015885338187217712,0.24968667328357697,0.08662158250808716,0.028423605486750603,0.5965533256530762
3,3,307,S999,001,anger,0,4,0,0.2565257251262665,0.27349039912223816,0.01884542591869831,0.01818692311644554,0.42402634024620056,0.008925219997763634
3,3,308,S999,003,fear,2,2,1,0.003721819259226322,0.004560657311230898,0.7199569344520569,0.26572269201278687,0.0021536857821047306,0.003884183708578348
3,4,50,S050,001,fear,2,2,1,0.013697837479412556,0.011940598487854004,0.8818848729133606,0.001360510941594839,0.0639011412858963,0.027215104550123215
3,4,51,S050,002,surprise,5,5,1,0.00011692255793605,0.0018937878776341677,0.00047444517258554697,0.00020127695461269468,0.00018551398534327745,0.9971280694007874
3,4,52,S050,004,anger,0,0,1,0.9159471988677979,0.008465247228741646,3.257486241636798e-05,5.559281362366164e-06,0.0755472481250763,2.2669364625471644e-06
3,4,53,S050,006,happiness,3,3,1,0.013898706063628197,0.08365390449762344,0.4113823473453522,0.46272018551826477,0.016408875584602356,0.011935929767787457
3,4,75,S058,001,surprise,5,5,1,0.0012688208371400833,0.00329687912017107,0.0022674279753118753,0.0006068171933293343,0.000303436245303601,0.9922566413879395
3,4,76,S058,005,anger,0,0,1,0.7985568642616272,0.16522833704948425,0.0036661988124251366,0.011731427162885666,0.0207329373806715,8.421042002737522e-05
3,4,77,S058,006,disgust,1,1,1,0.25156840682029724,0.7449195981025696,0.00010982434469042346,0.00028376051341183484,0.003115701721981168,2.7223968572798185e-06
3,4,114,S070,002,surprise,5,5,1,0.0010988644789904356,0.01794305257499218,0.008523023687303066,0.004925278946757317,0.002236455213278532,0.9652732610702515
3,4,115,S070,003,happiness,3,3,1,0.00014865817502141,0.000163251010235399,0.005517427809536457,0.9940410256385803,6.21755316387862e-05,6.740838580299169e-05
3,4,116,S070,005,disgust,1,1,1,0.007943140342831612,0.9892207980155945,0.00019603295368142426,0.0007694758824072778,0.0018048391211777925,6.561917689396068e-05
3,4,117,S071,001,surprise,5,5,1,0.0013513361336663365,0.006991024129092693,0.002032890450209379,0.00176708004437387,0.00045352018787525594,0.9874041080474854
3,4,118,S071,002,sadness,4,4,1,0.49878764152526855,0.00173149851616472,0.00016309431521221995,1.0310915058653336e-05,0.49928975105285645,1.7710854081087746e-05
3,4,119,S071,004,anger,0,0,1,0.8859443068504333,0.007879792712628841,0.00014882275718264282,2.1678597477148287e-05,0.10599707067012787,8.382989108213224e-06
3,4,120,S071,005,happiness,3,3,1,0.02173195220530033,0.11960636079311371,0.03500064089894295,0.8165168166160583,0.005972721613943577,0.001171542564406991
3,4,121,S071,006,disgust,1,1,1,0.010242685675621033,0.9893795847892761,8.290721780213062e-06,0.0001060765134752728,0.0002619776641950011,1.359447423965321e-06
3,4,171,S090,002,surprise,5,5,1,0.005048652645200491,0.04233068972826004,0.008591081947088242,0.003364123636856675,0.004961739294230938,0.935703694820404
3,4,172,S090,006,disgust,1,1,1,0.03670337051153183,0.9594646692276001,0.00022053997963666916,0.000493267027195543,0.0030895548406988382,2.8626827770494856e-05
3,4,173,S090,007,anger,0,0,1,0.9291741847991943,0.03921601176261902,8.818789501674473e-05,2.925047738244757e-05,0.031476087868213654,1.6295596651616506e-05
3,4,198,S100,002,surprise,5,5,1,0.0005817819619551301,0.0031962282955646515,0.0018092305399477482,0.0017631362425163388,0.000247311923885718,0.9924024343490601
3,4,199,S100,005,anger,0,0,1,0.8533094525337219,0.05600723624229431,0.00025845260825008154,7.340457523241639e-05,0.09034223109483719,9.239008250006009e-06
3,4,200,S100,006,happiness,3,3,1,0.00048336340114474297,0.0006306457216851413,0.015799520537257195,0.9825080037117004,0.0002536908723413944,0.00032474950421601534
3,4,217,S110,001,surprise,5,5,1,0.0003118301392532885,0.0016634470084682107,0.0009112968691624701,0.00023602822329849005,0.0004943456733599305,0.9963830709457397
3,4,286,S137,001,surprise,5,5,1,0.00035009143175557256,0.0010877412278205156,0.0034180504735559225,0.0007505278917960823,0.00017542140267323703,0.9942182302474976
3,4,287,S137,005,sadness,4,4,1,0.44514569640159607,0.00952524971216917,0.00975933950394392,0.00021997459407430142,0.5336184501647949,0.0017313201678916812
3,4,288,S137,011,happiness,3,3,1,0.0007440347690135241,0.0003001247823704034,0.04710410162806511,0.9505125880241394,0.0004933346062898636,0.0008458489319309592
3,4,293,S501,001,anger,0,4,0,0.3558107316493988,0.003226372180506587,0.003100442234426737,0.0002953973307739943,0.6367431282997131,0.0008239815942943096
3,4,294,S501,004,fear,2,2,1,0.0020625523757189512,3.2871266739675775e-05,0.996450662612915,0.0002875951468013227,0.0009401668212376535,0.00022625306155532598
3,4,295,S501,006,sadness,4,4,1,0.10978785902261734,0.0012586932862177491,0.00958668440580368,0.00024523239699192345,0.878383219242096,0.0007383432239294052
3,4,298,S503,001,anger,0,0,1,0.8537555932998657,0.002051686169579625,4.695312964031473e-05,5.977156433800701e-06,0.14413036406040192,9.409396625414956e-06
3,4,299,S503,006,sadness,4,4,1,0.16789662837982178,0.0002325696259504184,0.00034198007779195905,1.377637090627104e-05,0.8314651846885681,4.9871421651914716e-05
3,4,303,S505,006,sadness,4,0,0,0.7742404341697693,0.0040225256234407425,0.0001234747760463506,2.5053339413716458e-05,0.2215508222579956,3.7627778510795906e-05
3,5,80,S060,002,happiness,3,3,1,9.550899994792417e-05,0.0004428135871421546,0.0006773900240659714,0.9973317384719849,2.2601179807679728e-05,0.0014299304457381368
3,5,81,S060,003,surprise,5,5,1,1.540929042675998e-05,6.678830573036976e-07,0.0005856280913576484,0.00015302539395634085,4.353832082415465e-06,0.9992408752441406
3,5,82,S060,005,disgust,1,1,1,0.0156235471367836,0.48692530393600464,0.006572105921804905,0.4452844560146332,0.0056518916971981525,0.039942625910043716
3,5,86,S062,001,fear,2,2,1,0.006796425674110651,0.009452123194932938,0.8363745808601379,0.07248562574386597,0.010007587261497974,0.06488360464572906
3,5,87,S062,002,surprise,5,5,1,0.0034164192620664835,0.018648702651262283,0.04096701741218567,0.1329662799835205,0.0035015088506042957,0.8005000352859497
3,5,88,S062,004,happiness,3,3,1,0.0004587374278344214,0.024953719228506088,0.0002489955513738096,0.9740294814109802,8.436341886408627e-05,0.00022468692623078823
3,5,89,S062,005,disgust,1,1,1,0.004731331020593643,0.7241560220718384,0.0006788152968510985,0.267859548330307,0.001579363364726305,0.0009948564693331718
3,5,134,S076,001,surprise,5,5,1,0.0002717271272558719,0.00011830183211714029,0.00047638488467782736,0.001859412295743823,0.00018872208602260798,0.9970853924751282
3,5,135,S076,005,disgust,1,1,1,0.05124658718705177,0.9330419898033142,0.0006257289205677807,0.01018843799829483,0.004353787750005722,0.0005433959886431694
3,5,136,S076,006,happiness,3,3,1,0.0002887797309085727,0.0070121027529239655,0.00018384811119176447,0.9923644065856934,3.528961315168999e-05,0.00011570037167984992
3,5,151,S082,001,surprise,5,5,1,0.0002473696949891746,0.00016305978351738304,0.004557450767606497,0.002425222424790263,0.0003332757332827896,0.9922736287117004
3,5,152,S082,005,anger,0,1,0,0.20768044888973236,0.6955559253692627,0.011933510191738605,0.008905891329050064,0.07007550448179245,0.005848761182278395
3,5,153,S082,007,disgust,1,1,1,0.02496263198554516,0.955898106098175,0.0008706210646778345,0.011451316066086292,0.005294173490256071,0.0015230628196150064
3,5,154,S083,003,happiness,3,3,1,3.623990778578445e-05,0.0002447310253046453,0.00011710888065863401,0.9994696974754333,6.31933062322787e-06,0.0001259404671145603
3,5,181,S094,001,surprise,5,5,1,0.00021452463988680393,1.3209643839218188e-05,0.0003274243790656328,0.00021623398060910404,0.0002747855323832482,0.9989538192749023
3,5,182,S094,004,happiness,3,3,1,0.0003441404551267624,0.005692944396287203,0.0005551870563067496,0.9928378462791443,6.943065818632022e-05,0.0005004044505767524
3,5,195,S099,001,surprise,5,5,1,0.0014498541131615639,0.0005378111964091659,0.0015006855828687549,0.0030796253122389317,0.0018245227402076125,0.9916075468063354
3,5,196,S099,004,happiness,3,3,1,0.00024146017676685005,0.007102028001099825,0.00012371358752716333,0.9921790361404419,3.352938801981509e-05,0.00032017851481214166
3,5,197,S099,007,disgust,1,1,1,0.10728199034929276,0.8687542080879211,0.0008628631476312876,0.016923068091273308,0.005054568871855736,0.0011232724646106362
3,5,201,S101,002,surprise,5,5,1,7.53914428059943e-05,5.685433279722929e-06,0.0003438824787735939,0.0009210262214764953,2.53327871178044e-05,0.9986287355422974
3,5,269,S132,002,sadness,4,1,0,0.09889349341392517,0.47388264536857605,0.05312955752015114,0.008258710615336895,0.3606645464897156,0.005171036347746849
3,5,270,S132,003,fear,2,3,0,0.0008502076962031424,0.009201476350426674,0.10122589766979218,0.8757181167602539,0.0016161156818270683,0.011388207785785198
3,5,271,S132,005,disgust,1,1,1,0.03944407403469086,0.9080827832221985,0.00552641274407506,0.008425427600741386,0.0362640805542469,0.0022572882007807493
3,5,272,S132,006,happiness,3,3,1,6.429080531233922e-05,0.0009596532909199595,0.001601973781362176,0.9966276288032532,5.857859650859609e-05,0.0006878051208332181
3,5,273,S132,008,surprise,5,5,1,0.0011181863956153393,0.001611681655049324,0.008681482635438442,0.0024480486754328012,0.0030603865161538124,0.983080267906189
3,5,300,S504,001,anger,0,4,0,0.08571402728557587,0.15309491753578186,0.059783052653074265,0.0077758291736245155,0.6758036017417908,0.01782854273915291
3,5,301,S504,004,fear,2,2,1,0.000978770200163126,3.886094782501459e-05,0.8609305620193481,0.0014270652318373322,0.0009489845251664519,0.1356758028268814
3,5,302,S504,006,sadness,4,4,1,0.045324794948101044,0.006944715045392513,0.15984085202217102,0.002797061577439308,0.7586420774459839,0.026450540870428085
3,5,304,S506,001,anger,0,4,0,0.06972090899944305,0.03793197125196457,0.009541543200612068,0.001144074252806604,0.8768338561058044,0.004827640950679779
3,5,305,S506,004,fear,2,2,1,0.003090557875111699,0.00031782203586772084,0.8996147513389587,0.0010348178911954165,0.08902282267808914,0.006919224746525288
3,5,306,S506,006,sadness,4,4,1,0.00767502561211586,0.002100217156112194,0.007438243832439184,0.0004647935857065022,0.9798662066459656,0.00245552696287632
3,6,1,S010,002,surprise,5,5,1,5.392316779762041e-06,7.026008461252786e-06,0.0005346082034520805,2.748914539552061e-06,0.00013606141146738082,0.9993141889572144
3,6,2,S010,004,anger,0,0,1,0.6877904534339905,0.2310488224029541,0.000353543582605198,0.0032182333525270224,0.06937956064939499,0.00820935983210802
3,6,3,S010,006,happiness,3,3,1,9.094211418414488e-05,0.0014132841024547815,0.0009370526531711221,0.9966819882392883,1.1510284821270034e-05,0.0008651592070236802
3,6,21,S028,001,anger,0,0,1,0.7961934208869934,0.028523005545139313,7.340608135564253e-05,0.000635043194051832,0.17436198890209198,0.00021311607270035893
3,6,23,S032,001,surprise,5,5,1,3.494276461424306e-05,0.0007547796121798456,0.0003261348756495863,0.0006441193982027471,3.165216912748292e-05,0.9982084035873413
3,6,24,S032,003,anger,0,0,1,0.9693722128868103,0.0006453568930737674,6.379131082212552e-05,2.0886989659629762e-05,0.02988945133984089,8.273449566331692e-06
3,6,25,S032,004,fear,2,2,1,0.008535797707736492,0.000591563933994621,0.8945678472518921,0.09320947527885437,0.0011568129993975163,0.0019384254701435566
3,6,26,S032,005,disgust,1,3,0,0.0011607793858274817,0.48800501227378845,0.0028749476186931133,0.4959545433521271,0.00010834440035978332,0.01189639512449503
3,6,27,S032,006,happiness,3,3,1,0.00013968488201498985,0.0004016949678771198,0.012504196725785732,0.9860948324203491,9.693407264421694e-06,0.0008500079857185483
3,6,61,S054,002,fear,2,2,1,0.0043681045062839985,5.788426278741099e-05,0.9937195777893066,0.0012417574180290103,0.0005976853426545858,1.5051114132802468e-05
3,6,62,S054,003,surprise,5,5,1,0.0010783903999254107,0.01589161343872547,0.002755738329142332,0.005022833589464426,0.00048675056314095855,0.9747646450996399
3,6,63,S054,004,disgust,1,1,1,0.4330489933490753,0.5639941692352295,3.2383752113673836e-05,0.0008636960410512984,0.0018910526996478438,0.00016966222028713673
3,6,111,S069,002,surprise,5,5,1,8.964941116573755e-06,4.90263118990697e-05,0.00024740994558669627,2.6446301490068436e-05,3.193935117451474e-05,0.999636173248291
3,6,112,S069,003,disgust,1,1,1,0.0039104074239730835,0.9926556348800659,2.648781992320437e-05,0.0025022311601787806,0.0003843485319521278,0.000520911009516567
3,6,113,S069,004,happiness,3,3,1,7.555331831099465e-05,0.002389149274677038,0.001851449254900217,0.9935863614082336,7.425137937389081e-06,0.0020901644602417946
3,6,162,S087,001,surprise,5,5,1,0.0003540152101777494,0.08914320915937424,0.0004051962459925562,0.0064208898693323135,0.00015458981215488166,0.9035221934318542
3,6,163,S087,004,disgust,1,1,1,0.00031629973091185093,0.9993683695793152,8.532110200576426e-07,0.00023278791923075914,9.274321200791746e-06,7.243201253004372e-05
3,6,164,S087,005,happiness,3,3,1,3.41450322594028e-05,0.0022251433692872524,0.00042575958650559187,0.9972367286682129,5.427020823844941e-06,7.282216392923146e-05
3,6,165,S087,007,anger,0,1,0,0.3599800169467926,0.6134759187698364,7.07094295648858e-05,0.0007355096167884767,0.021255047991871834,0.004482816439121962
3,6,174,S091,001,fear,2,2,1,0.00024352748005185276,1.2610306839633267e-05,0.9943153262138367,0.00017554633086547256,0.005087025463581085,0.00016588627477176487
3,6,175,S091,003,happiness,3,3,1,0.0009807116584852338,0.002770921913906932,0.021126657724380493,0.970389187335968,0.00010425280925119296,0.004628297872841358
3,6,176,S092,001,surprise,5,5,1,4.907086258754134e-05,0.001492278533987701,0.00025595334591344,0.0005307118990458548,4.0044094930635765e-05,0.9976319074630737
3,6,177,S092,003,anger,0,0,1,0.7142423391342163,0.27041512727737427,0.00012337634689174592,0.000965855666436255,0.012284589931368828,0.001968641998246312
3,6,178,S092,004,happiness,3,3,1,0.00013258869876153767,0.007326281163841486,0.0013253281358629465,0.9904728531837463,1.8338389054406434e-05,0.0007245452143251896
3,6,202,S102,002,surprise,5,5,1,8.28954125609016e-06,0.00015201375936158001,0.0001465001842007041,0.00014075465151108801,1.1360224561940413e-05,0.999541163444519
3,6,203,S102,003,fear,2,2,1,0.004641914740204811,0.0005059180548414588,0.8460382223129272,0.14004361629486084,0.0015571927651762962,0.007213129196316004
3,6,204,S102,009,disgust,1,4,0,0.1451610028743744,0.17180517315864563,0.042096395045518875,0.009037007577717304,0.6227503418922424,0.009150093421339989
3,6,205,S105,008,disgust,1,1,1,0.018062470480799675,0.9728230237960815,0.0002678715973161161,0.005901578348129988,0.0004821495385840535,0.002462933771312237
3,6,277,S134,003,anger,0,0,1,0.9657182097434998,0.015834718942642212,0.00018054485553875566,0.0002664605272002518,0.017969850450754166,3.0153087209328078e-05
3,6,278,S134,004,happiness,3,3,1,0.0002602975582703948,0.00029272655956447124,0.022930046543478966,0.9764389991760254,4.2758263589348644e-05,3.513574483804405e-05
3,6,279,S134,008,disgust,1,1,1,0.006980979815125465,0.5206996202468872,0.004858923144638538,0.4570423364639282,0.0004887842806056142,0.009929445572197437
3,7,22,S029,001,anger,0,1,0,0.15599969029426575,0.788546621799469,0.0018249800195917487,0.0116889588534832,0.040242087095975876,0.001697735977359116
3,7,28,S034,001,surprise,5,5,1,4.6694120101165026e-05,0.0002828591095749289,0.004294686019420624,0.001859399606473744,0.00023597794643137604,0.9932803511619568
3,7,29,S034,003,anger,0,0,1,0.4829779863357544,0.10214235633611679,0.0005176018457859755,0.0012371375923976302,0.41205984354019165,0.0010651284828782082
3,7,30,S034,005,happiness,3,3,1,0.005644258577376604,0.005566283594816923,0.0034114059526473284,0.9835819005966187,0.0016529830172657967,0.00014306145021691918
3,7,44,S045,004,disgust,1,1,1,0.15863166749477386,0.7538000345230103,0.004006071016192436,0.05249002203345299,0.030208395794034004,0.0008637007558718324
3,7,45,S045,005,anger,0,4,0,0.361959308385849,0.06392083317041397,0.00815836526453495,0.005503935273736715,0.558167576789856,0.0022899156901985407
3,7,56,S052,001,surprise,5,5,1,1.6562303244427312e-06,4.31272337664268e-06,0.0008230652310885489,3.939140515285544e-05,4.082342275069095e-05,0.9990906715393066
3,7,57,S052,004,happiness,3,3,1,0.00027794853667728603,0.00010876881424337626,0.0014100815169513226,0.9979569911956787,0.00022648727463092655,1.9705979866557755e-05
3,7,58,S052,006,disgust,1,1,1,0.0767412781715393,0.4091818630695343,0.11280838400125504,0.25051242113113403,0.04022260010242462,0.11053350567817688
3,7,107,S068,002,happiness,3,3,1,0.0009019788703881204,0.0003068427904509008,0.011933784931898117,0.9859002232551575,0.0008428336586803198,0.00011435420310590416
3,7,108,S068,003,surprise,5,5,1,0.0007859222241677344,0.0039516896940767765,0.03510382026433945,0.01602889783680439,0.0028456873260438442,0.9412840008735657
3,7,109,S068,004,fear,2,2,1,0.010040560737252235,0.007911243475973606,0.9114200472831726,0.028520284220576286,0.0374877043068409,0.004620124585926533
3,7,110,S068,005,disgust,1,3,0,0.12524382770061493,0.39758366346359253,0.016988854855298996,0.39846786856651306,0.060608841478824615,0.0011069729225710034
3,7,145,S080,001,surprise,5,5,1,2.004093948926311e-05,0.0001167148002423346,0.003047989448532462,0.0014304514043033123,0.0001300004223594442,0.9952547550201416
3,7,146,S080,005,sadness,4,4,1,0.22518597543239594,0.02480480819940567,0.016721634194254875,0.00892533827573061,0.7110154628753662,0.013346773572266102
3,7,147,S080,008,disgust,1,1,1,0.11899955570697784,0.7823385000228882,0.006409835536032915,0.061132628470659256,0.02650771662592888,0.004611744545400143
3,7,183,S095,001,surprise,5,5,1,6.317380029940978e-05,0.00022018220624886453,0.006323902402073145,0.0010732794180512428,0.0004083736857865006,0.9919111132621765
3,7,184,S095,006,disgust,1,0,0,0.3866834044456482,0.29359760880470276,0.0022206217981874943,0.010075344704091549,0.3041332960128784,0.003289715852588415
3,7,185,S095,007,happiness,3,3,1,0.0019066171953454614,0.005032495129853487,0.31437399983406067,0.6694257855415344,0.003756397170946002,0.005504718981683254
3,7,186,S095,010,sadness,4,4,1,0.3309471309185028,0.04181969538331032,0.001474507967941463,0.0011291387490928173,0.6232044100761414,0.0014251412358134985
3,7,193,S098,003,disgust,1,1,1,0.32519659399986267,0.502923846244812,0.004773558583110571,0.03171982616186142,0.13343879580497742,0.0019474185537546873
3,7,194,S098,004,happiness,3,3,1,0.00071725994348526,0.00022232798801269382,0.0005183376488275826,0.9983172416687012,0.00021584943169727921,9.107589903578628e-06
3,7,265,S131,001,surprise,5,5,1,2.417408040855662e-06,5.9916619647992775e-06,0.0002770152932498604,3.091913822572678e-05,4.8844096454558894e-05,0.9996347427368164
3,7,266,S131,003,sadness,4,4,1,0.300250768661499,0.027792049571871758,0.006253606174141169,0.0023362659849226475,0.6608880162239075,0.002479351358488202
3,7,267,S131,006,happiness,3,3,1,0.0006853714003227651,0.00011653080582618713,0.0021297778002917767,0.9966829419136047,0.0003586939419619739,2.671379297680687e-05
3,7,268,S131,010,disgust,1,1,1,0.17002594470977783,0.4590332508087158,0.004338066093623638,0.3486247956752777,0.01755242422223091,0.0004254999803379178
3,7,274,S133,003,anger,0,1,0,0.2053111046552658,0.7617818713188171,0.0003565494844224304,0.0016804219922050834,0.03065028041601181,0.00021970040688756853
3,7,275,S133,009,surprise,5,5,1,0.001278485986404121,0.007621734403073788,0.00944749265909195,0.007218845188617706,0.00250978022813797,0.9719236493110657
3,7,276,S133,010,happiness,3,3,1,0.0011381030781194568,0.002021478721871972,0.0006131428526714444,0.9958904981613159,0.0003151755372527987,2.1506770281121135e-05
3,7,296,S502,001,anger,0,4,0,0.24992218613624573,0.021915819495916367,0.012596598826348782,0.005688181146979332,0.699057936668396,0.010819241404533386
3,7,297,S502,004,fear,2,2,1,0.00331956148147583,0.0005373929161578417,0.9320303797721863,0.004350695293396711,0.04078392684459686,0.018978005275130272
3,8,0,S005,001,disgust,1,1,1,0.013246804475784302,0.9839844107627869,9.715745363791939e-06,0.001924100099131465,0.0002854077029041946,0.0005495671648532152
3,8,34,S037,001,surprise,5,5,1,1.7196633052662946e-05,6.591885903617367e-05,0.000716675422154367,0.0020199939608573914,5.657330257236026e-05,0.997123658657074
3,8,35,S037,003,anger,0,1,0,0.17310366034507751,0.5805433988571167,0.06152401491999626,0.14562305808067322,0.03688054159283638,0.002325366949662566
3,8,36,S037,006,happiness,3,3,1,1.6371508536394686e-05,0.00019223768322262913,0.007582658901810646,0.9907371401786804,4.3060266762040555e-05,0.001428566756658256
3,8,54,S051,002,surprise,5,5,1,1.2116899597458541e-05,9.307931031798944e-05,0.001287804334424436,0.006648933049291372,3.7079233152326196e-05,0.9919209480285645
3,8,55,S051,003,disgust,1,1,1,0.3092572093009949,0.6094484925270081,0.016141531988978386,0.027462800964713097,0.023544849827885628,0.01414514984935522
3,8,59,S053,001,surprise,5,5,1,3.207073314115405e-05,0.0001579869131091982,4.405968138598837e-05,0.0002952476206701249,3.895063855452463e-05,0.9994316697120667
3,8,60,S053,004,happiness,3,3,1,0.00010533696331549436,0.007601364515721798,0.00018227500549983233,0.9916342496871948,8.178201096598059e-05,0.00039492809446528554
3,8,92,S064,001,surprise,5,5,1,0.0004060858045704663,0.0006534296553581953,0.0016810421366244555,0.0005607897182926536,0.0006357853999361396,0.9960629343986511
3,8,93,S064,003,happiness,3,3,1,7.315173570532352e-05,0.008183235302567482,0.002036972204223275,0.9745304584503174,9.989325917558745e-05,0.01507622841745615
3,8,94,S064,004,sadness,4,4,1,0.11340484768152237,0.0009144440409727395,0.0019144561374559999,2.9307759177754633e-05,0.8832336664199829,0.0005032357294112444
3,8,126,S074,001,fear,2,2,1,0.0016065513482317328,0.00035830840351991355,0.9772681593894958,0.0010094867320731282,0.001741912099532783,0.018015529960393906
3,8,127,S074,002,surprise,5,5,1,1.8264601749251597e-05,0.00012690133007708937,0.0003793732903432101,0.005351131781935692,4.958459612680599e-05,0.9940748810768127
3,8,128,S074,004,disgust,1,1,1,0.02317287214100361,0.9753839373588562,2.7784866688307375e-05,0.0009519934537820518,0.00029282044852152467,0.0001706531475065276
3,8,129,S074,005,happiness,3,3,1,2.696431010917877e-06,3.7624089600285515e-05,0.00042798789218068123,0.999407172203064,1.0686479981814045e-05,0.00011387839913368225
3,8,130,S075,002,surprise,5,5,1,7.571269088657573e-05,0.0012019844725728035,0.00021018271218053997,0.0062077888287603855,8.478732343064621e-05,0.9922195672988892
3,8,131,S075,005,disgust,1,1,1,0.15751096606254578,0.8394850492477417,7.282450678758323e-05,0.0003415495448280126,0.0013940338976681232,0.001195593737065792
3,8,132,S075,006,happiness,3,3,1,4.2360801444374374e-07,7.364415796473622e-05,2.2075282686273567e-05,0.9997369647026062,2.501851895431173e-06,0.00016448735550511628
3,8,133,S075,008,anger,0,1,0,0.16399072110652924,0.8309206962585449,0.00021469828789122403,0.0009366709273308516,0.0028730134945362806,0.0010642028646543622
3,8,142,S079,001,surprise,5,5,1,0.0009954951237887144,0.008728289045393467,0.00022574735339730978,0.01275530457496643,0.0004943842068314552,0.976800799369812
3,8,143,S079,002,disgust,1,1,1,0.3060106039047241,0.6916905045509338,6.609084266528953e-06,0.00025233562337234616,0.0019273204961791635,0.00011263148189755157
3,8,144,S079,004,happiness,3,3,1,1.9984497612313135e-06,7.81215785536915e-05,4.968992288922891e-05,0.9998165965080261,8.072646778600756e-06,4.554745100904256e-05
3,8,209,S107,001,surprise,5,5,1,3.915189518011175e-05,0.005673287436366081,2.414833397779148e-05,0.0031071456614881754,3.825055682682432e-05,0.9911180138587952
3,8,210,S107,005,disgust,1,1,1,0.34068095684051514,0.6523639559745789,4.072612864547409e-05,0.0006442095618695021,0.0062287067994475365,4.1478717321297154e-05
3,8,230,S116,001,surprise,5,5,1,1.1330370398354717e-05,2.0325735022197478e-05,0.00012675013567786664,0.0002883324632421136,4.0970986447064206e-05,0.9995123147964478
3,8,231,S116,006,disgust,1,1,1,0.0671994537115097,0.9320063591003418,5.766692538600182e-06,0.00028410099912434816,0.00042616124846972525,7.817152072675526e-05
3,8,232,S116,007,happiness,3,3,1,6.82508243698976e-06,0.00019182854157406837,0.00011667167564155534,0.9995555281639099,2.254779974464327e-05,0.00010667238530004397
3,8,256,S129,002,surprise,5,1,0,0.3367757499217987,0.3561536371707916,0.020468855276703835,0.0735456794500351,0.2044251710176468,0.008630886673927307
3,8,257,S129,006,anger,0,0,1,0.6507375240325928,0.2665550410747528,0.0003878047573380172,0.0013161107199266553,0.07799208164215088,0.00301143410615623
3,8,258,S129,011,disgust,1,1,1,0.02848769538104534,0.9630491733551025,4.2976669647032395e-05,0.006093795411288738,0.0020508987363427877,0.0002754686865955591
3,8,259,S129,012,happiness,3,3,1,0.0005517391255125403,0.020839478820562363,0.0011462178081274033,0.9764665365219116,0.000648751447442919,0.0003472891985438764
3,9,14,S022,001,surprise,5,5,1,0.0012146263616159558,0.0001382225309498608,0.005282380152493715,9.889393550110981e-05,0.011847427114844322,0.9814184904098511
3,9,15,S022,005,anger,0,4,0,0.11574266105890274,0.0006761595723219216,0.004899006802588701,4.478508708416484e-05,0.876911461353302,0.0017258955631405115
3,9,16,S022,006,disgust,1,0,0,0.46148374676704407,0.2664209306240082,0.044506266713142395,0.008933132514357567,0.18259257078170776,0.03606333211064339
3,9,83,S061,001,surprise,5,5,1,0.00040730671025812626,0.0010773236863315105,0.0011017083888873458,0.0031722078565508127,0.00045345688704401255,0.993787944316864
3,9,84,S061,002,happiness,3,3,1,0.0006647540139965713,0.0024471874348819256,0.012824270874261856,0.9836630821228027,0.00027997884899377823,0.00012085376511095092
3,9,85,S061,004,disgust,1,1,1,0.03364977985620499,0.9484571218490601,0.001126067596487701,0.010661938227713108,0.005907091777771711,0.00019797425193246454
3,9,90,S063,001,surprise,5,5,1,0.00018346532306168228,0.0005793183227069676,0.0008316554594784975,0.002121422439813614,0.0005749071133323014,0.9957093000411987
3,9,91,S063,002,happiness,3,3,1,0.017692524939775467,0.12829039990901947,0.041244447231292725,0.8022753000259399,0.010366082191467285,0.00013126248086337
3,9,99,S066,002,surprise,5,5,1,0.00046142737846821547,0.0005749930278398097,0.00017664213373791426,0.0005765686510130763,0.00037728852475993335,0.9978330731391907
3,9,100,S066,003,happiness,3,3,1,0.05890275910496712,0.3494877219200134,0.030553895980119705,0.5540367364883423,0.00520663894712925,0.0018122151959687471
3,9,101,S066,004,sadness,4,4,1,0.16329625248908997,0.004467946011573076,0.0006624071975238621,0.00021686640684492886,0.83113694190979,0.00021958771685604006
3,9,102,S066,005,anger,0,0,1,0.6582884788513184,0.209320068359375,0.00010102889791596681,0.000513277540449053,0.1315164715051651,0.0002606766065582633
3,9,122,S072,005,anger,0,1,0,0.2153647094964981,0.7631644010543823,0.0005257616867311299,0.003710793796926737,0.01707821898162365,0.00015608794637955725
3,9,123,S072,006,happiness,3,3,1,0.004459523595869541,0.018617697060108185,0.013218197971582413,0.9624150395393372,0.0005545011372305453,0.0007349600782617927
3,9,139,S078,001,surprise,5,5,1,5.9137197240488604e-05,0.00011716516019077972,0.0001766234781825915,0.001080011366866529,0.00010738644778029993,0.9984596967697144
3,9,140,S078,004,happiness,3,1,0,0.2951560914516449,0.4175310432910919,0.11278577148914337,0.10857375711202621,0.06465847045183182,0.0012948918156325817
3,9,141,S078,007,disgust,1,1,1,0.25260233879089355,0.6817489862442017,0.004696978256106377,0.009009343571960926,0.05170265957713127,0.0002396350901108235
3,9,233,S117,001,surprise,5,5,1,0.0009772273479029536,1.609276660019532e-05,0.0016560388030484319,3.9781694795237854e-05,0.07383596152067184,0.923474907875061
3,9,234,S117,003,fear,2,2,1,0.1323171854019165,0.06894151121377945,0.6465173959732056,0.023847520351409912,0.12392158806324005,0.004454853944480419
3,9,235,S117,006,anger,0,0,1,0.6110966801643372,0.1383335292339325,0.00045306840911507607,0.0012872354127466679,0.24832981824874878,0.0004996778443455696
3,9,240,S124,001,surprise,5,5,1,1.5013191841717344e-05,2.6774259822559543e-06,0.0004329394141677767,1.153854373114882e-05,0.0010859280591830611,0.998451828956604
3,9,241,S124,003,fear,2,2,1,0.0027309819124639034,5.797610720037483e-05,0.8895764350891113,1.0597192158456892e-05,0.10596668720245361,0.0016573014436289668
3,9,242,S124,006,disgust,1,0,0,0.4242403209209442,0.1555147022008896,0.018539046868681908,0.005650282837450504,0.3950175344944,0.0010381059255450964
3,9,243,S124,007,happiness,3,2,0,0.0004871842102147639,0.0015358899254351854,0.5548069477081299,0.441312313079834,0.0009567420347593725,0.000900955346878618
3,9,254,S128,004,disgust,1,4,0,0.37148451805114746,0.04092039912939072,0.002434768946841359,0.003130341647192836,0.5770173072814941,0.005012627225369215
3,9,255,S128,011,happiness,3,3,1,6.743786798324436e-05,0.00021629009279422462,0.010272854007780552,0.9885961413383484,0.00015026434266474098,0.0006968998350203037
3,9,289,S138,001,fear,2,2,1,0.00039360078517347574,0.0002081130660371855,0.9962024092674255,0.0008337321924045682,0.0019250542391091585,0.00043702192488126457
3,9,290,S138,004,surprise,5,5,1,8.39268795971293e-06,2.286297967657447e-05,1.938474815688096e-05,0.00017021193343680352,9.295255040342454e-06,0.9997698664665222
3,9,291,S138,005,happiness,3,3,1,0.000262352084973827,0.000636284938082099,0.043255455791950226,0.9554921984672546,0.0001922611118061468,0.00016147234418895096
3,9,292,S138,007,sadness,4,4,1,0.023071186617016792,0.00015721122326795012,0.021888867020606995,2.4097076675388962e-05,0.9520823359489441,0.0027762942481786013
