seed,fold_idx,subject,n_train,n_train_aug,n_test,epochs_run,fold_time_s,z_scale,macro_f1,weighted_f1,accuracy,f1_anger,f1_disgust,f1_fear,f1_happiness,f1_sadness,f1_surprise
5,0,S011,303,708,6,50,165.56,0.266286,1.0,1.0,1.0,1.0,1.0,1.0,1.0,1.0,1.0
5,1,S130,304,712,5,49,154.68,0.266352,1.0,1.0,1.0,1.0,1.0,0.0,1.0,1.0,1.0
5,2,S125,304,710,5,24,83.54,0.26661,0.7333333333333333,0.7333333333333333,0.8,0.0,0.6666666666666666,1.0,1.0,0.0,1.0
5,3,S055,304,712,5,50,157.75,0.26661,1.0,1.0,1.0,1.0,1.0,1.0,1.0,0.0,1.0
5,4,S071,304,712,5,50,158.32,0.267348,1.0,1.0,1.0,1.0,1.0,0.0,1.0,1.0,1.0
5,5,S132,304,710,5,29,97.68,0.267423,0.5333333333333333,0.5333333333333333,0.6,0.0,1.0,0.0,0.6666666666666666,0.0,1.0
5,6,S032,304,712,5,25,88.91,0.267423,1.0,1.0,1.0,1.0,1.0,1.0,1.0,0.0,1.0
5,7,S131,305,714,4,29,97.72,0.267407,1.0,1.0,1.0,0.0,1.0,0.0,1.0,1.0,1.0
5,8,S129,305,716,4,36,118.92,0.267407,1.0,1.0,1.0,1.0,1.0,0.0,1.0,0.0,1.0
5,9,S124,305,714,4,50,160.21,0.267407,1.0,1.0,1.0,0.0,1.0,1.0,1.0,0.0,1.0
5,10,S068,305,714,4,36,119.15,0.266803,1.0,1.0,1.0,0.0,1.0,1.0,1.0,0.0,1.0
5,11,S075,305,716,4,24,84.61,0.266417,0.6666666666666666,0.6666666666666666,0.75,0.0,0.6666666666666666,0.0,1.0,0.0,1.0
5,12,S066,305,714,4,27,93.25,0.267407,1.0,1.0,1.0,1.0,0.0,0.0,1.0,1.0,1.0
5,13,S065,305,714,4,15,58.36,0.267407,0.6666666666666666,0.6666666666666666,0.75,0.0,1.0,0.0,1.0,0.0,0.6666666666666666
5,14,S046,305,712,4,28,95.86,0.267407,0.6,0.75,0.75,0.0,1.0,0.0,0.0,1.0,1.0
5,15,S042,305,714,4,15,58.75,0.267407,0.6,0.75,0.75,1.0,0.0,0.0,0.0,1.0,1.0
5,16,S050,305,714,4,50,157.29,0.267407,1.0,1.0,1.0,1.0,0.0,1.0,1.0,0.0,1.0
5,17,S062,305,714,4,30,101.6,0.266417,0.6666666666666666,0.6666666666666666,0.75,0.0,1.0,0.0,0.6666666666666666,0.0,1.0
5,18,S087,305,716,4,34,112.32,0.267175,1.0,1.0,1.0,1.0,1.0,0.0,1.0,0.0,1.0
5,19,S067,305,716,4,50,159.17,0.266417,1.0,1.0,1.0,1.0,1.0,0.0,1.0,0.0,1.0
5,20,S095,305,714,4,17,64.35,0.266417,1.0,1.0,1.0,0.0,1.0,0.0,1.0,1.0,1.0
5,21,S074,305,714,4,44,148.87,0.267288,1.0,1.0,1.0,0.0,1.0,1.0,1.0,0.0,1.0
5,22,S138,305,712,4,24,86.93,0.267407,1.0,1.0,1.0,0.0,0.0,1.0,1.0,1.0,1.0
5,23,S136,305,714,4,13,55.05,0.267407,0.13333333333333333,0.16666666666666666,0.25,0.0,0.0,0.0,0.0,0.0,0.6666666666666666
5,24,S014,305,714,4,50,165.85,0.266417,1.0,1.0,1.0,1.0,0.0,0.0,1.0,1.0,1.0
5,25,S026,305,714,4,15,61.53,0.267407,0.6,0.75,0.75,0.0,0.0,0.0,1.0,1.0,1.0
5,26,S100,306,718,3,50,166.39,0.26661,1.0,1.0,1.0,1.0,0.0,0.0,1.0,0.0,1.0
5,27,S099,306,718,3,39,132.72,0.26661,1.0,1.0,1.0,0.0,1.0,0.0,1.0,0.0,1.0
5,28,S102,306,716,3,17,65.47,0.267348,0.16666666666666666,0.2222222222222222,0.3333333333333333,0.0,0.0,0.0,0.0,0.0,0.6666666666666666
5,29,S106,306,716,3,50,165.47,0.26661,1.0,1.0,1.0,0.0,1.0,0.0,1.0,1.0,0.0
5,30,S501,306,714,3,50,165.16,0.26661,1.0,1.0,1.0,1.0,0.0,1.0,0.0,1.0,0.0
5,31,S504,306,714,3,33,114.23,0.26661,0.5555555555555555,0.5555555555555555,0.6666666666666666,0.0,0.0,1.0,0.0,0.6666666666666666,0.0
5,32,S134,306,718,3,37,125.57,0.267348,1.0,1.0,1.0,1.0,1.0,0.0,1.0,0.0,0.0
5,33,S133,306,718,3,19,71.77,0.267348,1.0,1.0,1.0,1.0,0.0,0.0,1.0,0.0,1.0
5,34,S116,306,718,3,32,110.75,0.267348,1.0,1.0,1.0,0.0,1.0,0.0,1.0,0.0,1.0
5,35,S117,306,716,3,50,164.34,0.266796,1.0,1.0,1.0,1.0,0.0,1.0,0.0,0.0,1.0
5,36,S127,306,718,3,31,104.51,0.267348,1.0,1.0,1.0,1.0,0.0,0.0,1.0,0.0,1.0
5,37,S119,306,716,3,39,128.34,0.267348,1.0,1.0,1.0,1.0,0.0,1.0,0.0,0.0,1.0
5,38,S111,306,718,3,34,114.69,0.267232,1.0,1.0,1.0,1.0,1.0,0.0,0.0,0.0,1.0
5,39,S109,306,718,3,50,163.2,0.267348,1.0,1.0,1.0,1.0,1.0,0.0,1.0,0.0,0.0
5,40,S137,306,716,3,35,115.5,0.26661,1.0,1.0,1.0,0.0,0.0,0.0,1.0,1.0,1.0
5,41,S506,306,714,3,36,119.47,0.26661,0.5555555555555555,0.5555555555555555,0.6666666666666666,0.0,0.0,1.0,0.0,0.6666666666666666,0.0
5,42,S010,306,718,3,38,124.41,0.26661,1.0,1.0,1.0,1.0,0.0,0.0,1.0,0.0,1.0
5,43,S034,306,718,3,17,63.94,0.267348,1.0,1.0,1.0,1.0,0.0,0.0,1.0,0.0,1.0
5,44,S037,306,718,3,50,161.11,0.267348,1.0,1.0,1.0,1.0,0.0,0.0,1.0,0.0,1.0
5,45,S022,306,718,3,45,145.19,0.267348,1.0,1.0,1.0,1.0,1.0,0.0,0.0,0.0,1.0
5,46,S057,306,718,3,41,133.27,0.26661,1.0,1.0,1.0,0.0,1.0,0.0,1.0,0.0,1.0
5,47,S056,306,718,3,46,149.69,0.267348,1.0,1.0,1.0,0.0,1.0,0.0,1.0,0.0,1.0
5,48,S035,306,718,3,50,164.61,0.267348,1.0,1.0,1.0,0.0,1.0,0.0,1.0,0.0,1.0
5,49,S044,306,718,3,27,94.08,0.267348,1.0,1.0,1.0,0.0,1.0,0.0,1.0,0.0,1.0
5,50,S058,306,718,3,50,162.78,0.26661,1.0,1.0,1.0,1.0,1.0,0.0,0.0,0.0,1.0
5,51,S060,306,718,3,50,162.01,0.26661,1.0,1.0,1.0,0.0,1.0,0.0,1.0,0.0,1.0
5,52,S054,306,716,3,48,158.48,0.26661,1.0,1.0,1.0,0.0,1.0,1.0,0.0,0.0,1.0
5,53,S052,306,718,3,38,128.88,0.267348,1.0,1.0,1.0,0.0,1.0,0.0,1.0,0.0,1.0
5,54,S064,306,716,3,40,133.76,0.26661,1.0,1.0,1.0,0.0,0.0,0.0,1.0,1.0,1.0
5,55,S061,306,718,3,28,96.22,0.26661,1.0,1.0,1.0,0.0,1.0,0.0,1.0,0.0,1.0
5,56,S089,306,718,3,42,134.02,0.267232,1.0,1.0,1.0,1.0,0.0,0.0,1.0,0.0,1.0
5,57,S108,306,716,3,50,158.65,0.267348,0.5,0.6666666666666666,0.6666666666666666,0.0,1.0,0.0,1.0,0.0,0.0
5,58,S115,306,716,3,22,78.28,0.266989,1.0,1.0,1.0,0.0,0.0,0.0,1.0,1.0,1.0
5,59,S113,306,716,3,47,151.28,0.26661,1.0,1.0,1.0,1.0,0.0,0.0,0.0,1.0,1.0
5,60,S070,306,718,3,50,158.52,0.267348,1.0,1.0,1.0,0.0,1.0,0.0,1.0,0.0,1.0
5,61,S076,306,718,3,45,140.55,0.26661,1.0,1.0,1.0,0.0,1.0,0.0,1.0,0.0,1.0
5,62,S069,306,718,3,50,154.72,0.26661,1.0,1.0,1.0,0.0,1.0,0.0,1.0,0.0,1.0
5,63,S080,306,716,3,30,98.48,0.266989,1.0,1.0,1.0,0.0,1.0,0.0,0.0,1.0,1.0
5,64,S079,306,718,3,25,84.54,0.26661,1.0,1.0,1.0,0.0,1.0,0.0,1.0,0.0,1.0
5,65,S078,306,718,3,18,64.35,0.267348,1.0,1.0,1.0,0.0,1.0,0.0,1.0,0.0,1.0
5,66,S085,306,718,3,37,119.48,0.267348,1.0,1.0,1.0,0.0,1.0,0.0,1.0,0.0,1.0
5,67,S081,306,716,3,27,90.08,0.26661,1.0,1.0,1.0,0.0,1.0,0.0,0.0,1.0,1.0
5,68,S096,306,718,3,50,153.93,0.26661,1.0,1.0,1.0,0.0,1.0,0.0,1.0,0.0,1.0
5,69,S097,306,718,3,24,81.03,0.266989,1.0,1.0,1.0,0.0,1.0,0.0,1.0,0.0,1.0
5,70,S090,306,718,3,43,135.46,0.267348,1.0,1.0,1.0,1.0,1.0,0.0,0.0,0.0,1.0
5,71,S082,306,718,3,50,153.63,0.26661,1.0,1.0,1.0,1.0,1.0,0.0,0.0,0.0,1.0
5,72,S092,306,718,3,34,109.38,0.267232,1.0,1.0,1.0,1.0,0.0,0.0,1.0,0.0,1.0
5,73,S502,307,718,2,27,89.98,0.266803,0.3333333333333333,0.5,0.5,0.0,0.0,1.0,0.0,0.0,0.0
5,74,S051,307,720,2,33,96.73,0.266803,1.0,1.0,1.0,0.0,1.0,0.0,0.0,0.0,1.0
5,75,S072,307,720,2,21,65.76,0.267288,1.0,1.0,1.0,1.0,0.0,0.0,1.0,0.0,0.0
5,76,S077,307,720,2,25,74.97,0.267288,1.0,1.0,1.0,0.0,1.0,0.0,0.0,0.0,1.0
5,77,S073,307,720,2,28,83.88,0.266803,1.0,1.0,1.0,0.0,1.0,0.0,0.0,0.0,1.0
5,78,S086,307,720,2,34,98.83,0.267288,1.0,1.0,1.0,0.0,0.0,0.0,1.0,0.0,1.0
5,79,S088,307,720,2,28,83.74,0.266803,1.0,1.0,1.0,0.0,1.0,0.0,0.0,0.0,1.0
5,80,S098,307,720,2,24,73.5,0.266803,1.0,1.0,1.0,0.0,1.0,0.0,1.0,0.0,0.0
5,81,S107,307,720,2,26,78.83,0.266803,1.0,1.0,1.0,0.0,1.0,0.0,0.0,0.0,1.0
5,82,S128,307,720,2,13,45.76,0.267288,0.3333333333333333,0.3333333333333333,0.5,0.0,0.0,0.0,0.6666666666666666,0.0,0.0
5,83,S135,307,720,2,28,83.51,0.267288,1.0,1.0,1.0,0.0,0.0,0.0,1.0,0.0,1.0
5,84,S126,307,720,2,25,76.44,0.266803,1.0,1.0,1.0,1.0,0.0,0.0,0.0,0.0,1.0
5,85,S114,307,720,2,27,81.79,0.267175,1.0,1.0,1.0,0.0,0.0,0.0,1.0,0.0,1.0
5,86,S999,307,718,2,32,103.16,0.266803,1.0,1.0,1.0,1.0,0.0,1.0,0.0,0.0,0.0
5,87,S503,307,718,2,43,134.34,0.266803,1.0,1.0,1.0,1.0,0.0,0.0,0.0,1.0,0.0
5,88,S094,307,720,2,27,81.4,0.267288,1.0,1.0,1.0,0.0,0.0,0.0,1.0,0.0,1.0
5,89,S091,307,718,2,28,93.78,0.266803,1.0,1.0,1.0,0.0,0.0,1.0,1.0,0.0,0.0
5,90,S045,307,720,2,50,141.1,0.267288,1.0,1.0,1.0,1.0,1.0,0.0,0.0,0.0,0.0
5,91,S053,307,720,2,29,86.27,0.266803,1.0,1.0,1.0,0.0,0.0,0.0,1.0,0.0,1.0
5,92,S063,307,720,2,30,89.21,0.266803,1.0,1.0,1.0,0.0,0.0,0.0,1.0,0.0,1.0
5,93,S059,307,718,2,30,98.97,0.267175,1.0,1.0,1.0,0.0,0.0,1.0,0.0,0.0,1.0
5,94,S084,307,718,2,45,142.8,0.266803,1.0,1.0,1.0,0.0,0.0,1.0,0.0,0.0,1.0
5,95,S093,307,718,2,50,154.46,0.266803,1.0,1.0,1.0,0.0,0.0,0.0,1.0,1.0,0.0
5,96,S122,308,722,1,31,102.66,0.266989,1.0,1.0,1.0,0.0,0.0,0.0,0.0,0.0,1.0
5,97,S505,308,720,1,18,58.27,0.266989,1.0,1.0,1.0,0.0,0.0,0.0,0.0,1.0,0.0
5,98,S101,308,722,1,27,92.89,0.267232,1.0,1.0,1.0,0.0,0.0,0.0,0.0,0.0,1.0
5,99,S105,308,722,1,50,156.12,0.266989,1.0,1.0,1.0,0.0,1.0,0.0,0.0,0.0,0.0
5,100,S112,308,722,1,26,89.52,0.266989,1.0,1.0,1.0,1.0,0.0,0.0,0.0,0.0,0.0
5,101,S110,308,722,1,26,89.9,0.267232,1.0,1.0,1.0,0.0,0.0,0.0,0.0,0.0,1.0
5,102,S083,308,722,1,24,82.6,0.267232,1.0,1.0,1.0,0.0,0.0,0.0,1.0,0.0,0.0
5,103,S028,308,722,1,29,99.09,0.267232,1.0,1.0,1.0,1.0,0.0,0.0,0.0,0.0,0.0
5,104,S029,308,722,1,36,117.63,0.267232,1.0,1.0,1.0,1.0,0.0,0.0,0.0,0.0,0.0
5,105,S005,308,722,1,39,128.41,0.266989,1.0,1.0,1.0,0.0,1.0,0.0,0.0,0.0,0.0
